Arc Center Distance,Diameter,Width,Pitch,Blade Count,Rotational Speed,Thrust
0.25,3,0.25,30,3,1000,0.1287083607
0.25,3,0.25,30,3,1500,0.2936518785
0.25,3,0.25,30,3,2000,0.5050466398
0.25,3,0.25,30,3,2500,0.7579461654
0.25,3,0.25,45,3,500,0.05996964596
0.25,3,0.25,45,3,1000,0.2066873182
0.25,3,0.25,45,3,1500,0.5168010653
0.25,3,0.25,45,3,2000,0.9129573686
0.25,3,0.25,45,3,2500,1.433500303
0.25,3,0.25,60,3,1000,0.1530067279
0.25,3,0.25,60,3,1500,0.3349431117
0.25,3,0.25,60,3,2000,0.5957971469
0.25,3,0.25,60,3,2500,0.9683298719
0.25,3,0.75,30,3,500,0.08596232153
0.25,3,0.75,30,3,1000,0.3551039135
0.25,3,0.75,30,3,1500,0.8009747512
0.25,3,0.75,30,3,2000,1.37637876
0.125,3,0.75,30,3,2094.3951,1.603961724
0.25,3,0.75,30,3,2500,2.207012216
0.25,3,0.75,45,3,1000,0.1962878718
0.25,3,0.75,45,3,1500,0.4523068572
0.25,3,0.75,45,3,2000,0.7920879204
0.25,3,0.75,45,3,2500,1.223228888
0.125,3,0.75,50,3,2094.3951,0.8336437313
0.25,5,0.25,45,3,500,0.2037138531
0.25,5,0.25,45,3,1000,0.839192922
0.25,5,0.25,45,3,1500,1.860818311
0.25,5,0.25,45,3,2000,3.351832597
0.25,5,0.25,45,3,2500,4.740394537
0.25,5,0.25,60,3,500,0.2517545651
0.25,5,0.25,60,3,1000,0.985447114
0.25,5,0.25,60,3,1500,2.236928469
0.25,5,0.25,60,3,2000,3.996361403
0.25,5,0.25,60,3,2500,6.756634781
0.25,5,0.75,30,3,500,0.6154276377
0.25,5,0.75,30,3,1000,2.48129486
0.25,5,0.75,30,3,1500,5.690985522
0.25,5,0.75,30,3,2000,9.898155512
0.125,4,0.75,30,3,2094.3951,5.954256139
0.125,5,0.75,30,3,2094.3951,11.35670103
0.25,5,0.75,30,3,2500,14.99991132
0.25,5,0.75,45,3,500,0.537477952
0.25,5,0.75,45,3,1000,2.132151238
0.25,5,0.75,45,3,1500,4.779895632
0.25,5,0.75,45,3,2000,8.467770076
0.25,5,0.75,45,3,2500,13.03412115
0.25,5,0.75,60,3,500,0.2364712752
0.25,5,0.75,60,3,1000,0.9353150345
0.25,5,0.75,60,3,1500,2.059725605
0.25,5,0.75,60,3,2000,3.742788567
0.125,4,0.75,50,3,2094.3951,3.826755917
0.125,5,0.75,50,3,2094.3951,9.719909729
0.25,5,0.75,60,3,2500,5.736589459
0.25,5,1.25,30,3,500,0.7643251654
0.25,5,1.25,30,3,1000,3.087456578
0.25,5,1.25,30,3,1500,6.407672887
0.25,5,1.25,30,3,2000,11.94508426
0.25,5,1.25,30,3,2500,18.33502345
0.25,5,1.25,45,3,500,0.5262952012
0.25,5,1.25,45,3,1000,2.094475006
0.25,5,1.25,45,3,1500,4.68637375
0.25,5,1.25,45,3,2000,8.153610134
0.25,5,1.25,45,3,2500,12.83761122
0.25,5,1.5,30,3,500,0.6450119756
0.25,5,1.5,30,3,1000,2.630641018
0.25,5,1.5,30,3,1500,5.916630579
0.25,5,1.5,30,3,2000,10.89552065
0.25,5,1.5,30,3,2500,18.12373596
0.25,5,1.5,45,3,2000,6.318120114
0.25,5,1.5,45,3,2500,16.01619285
0.25,7,0.25,45,3,500,0.5237486422
0.25,7,0.25,45,3,1000,2.025720995
0.25,7,0.25,45,3,1500,4.668081427
0.25,7,0.25,60,3,500,0.8294232511
0.25,7,0.25,60,3,1000,3.245664923
0.25,7,0.75,30,3,500,1.580018442
0.25,7,0.75,30,3,1000,6.452911041
0.25,7,0.75,30,3,1500,14.9548565
0.25,7,0.75,30,3,2000,27.20405247
0.125,6,0.75,30,3,2094.3951,20.86279846
0.25,7,0.75,30,3,2500,36.7434978
0.25,7,0.75,45,3,500,1.989125221
0.25,7,0.75,45,3,1000,8.761697492
0.25,7,0.75,45,3,1500,19.01452086
0.25,7,0.75,45,3,2000,33.06257533
0.25,7,0.75,45,3,2500,52.90761735
0.25,7,0.75,60,3,500,0.7534219577
0.25,7,0.75,60,3,1000,2.96489196
0.25,7,0.75,60,3,1500,6.916509406
0.25,7,0.75,60,3,2000,12.63206367
0.125,6,0.75,50,3,2094.3951,22.12484713
0.25,7,0.75,60,3,2500,19.65318414
0.25,7,1.25,30,3,500,2.78801817
0.25,7,1.25,30,3,1000,10.86289265
0.25,7,1.25,30,3,1500,24.76912241
0.25,7,1.25,30,3,2000,45.42995703
0.25,7,1.25,30,3,2500,81.62351144
0.25,7,1.25,45,3,500,2.34097262
0.25,7,1.25,45,3,1000,9.088303759
0.25,7,1.25,45,3,1500,21.3570424
0.25,7,1.25,45,3,2000,38.08154687
0.25,7,1.25,45,3,2500,61.09267712
0.25,7,1.25,60,3,500,0.9186812053
0.25,7,1.25,60,3,1000,3.778620981
0.25,7,1.25,60,3,1500,8.548997161
0.25,7,1.25,60,3,2000,15.26317667
0.25,7,1.25,60,3,2500,23.045643
0.25,7,1.5,30,3,500,2.433108822
0.25,7,1.5,30,3,1000,9.932763995
0.25,7,1.5,30,3,1500,22.51198503
0.25,7,1.5,30,3,2000,41.04765638
0.25,7,1.5,30,3,2500,63.08597305
0.25,7,1.5,45,3,500,2.607540748
0.25,7,1.5,45,3,1000,10.39803836
0.25,7,1.5,45,3,1500,23.73280245
0.25,7,1.5,45,3,2000,48.6704542
0.25,7,1.5,45,3,2500,75.593957
0.25,9,0.25,45,3,500,1.139786853
0.25,9,0.25,45,3,1000,3.664753043
0.25,9,0.25,60,3,500,1.2527961
0.25,9,0.25,60,3,1000,4.639477102
0.25,9,0.75,30,3,1000,13.71249026
0.25,9,0.75,30,3,1500,31.32589782
0.25,9,0.75,30,3,2000,45.73051264
0.25,9,0.75,30,3,2500,63.68871472
0.25,9,0.75,45,3,500,3.930630183
0.25,9,0.75,45,3,1000,17.70169892
0.25,9,0.75,45,3,1500,39.8315348
0.25,9,0.75,45,3,2000,72.35484945
0.25,9,0.75,45,3,2500,111.6316456
0.25,9,0.75,60,3,500,3.40919108
0.25,9,0.75,60,3,1000,16.61176315
0.25,9,0.75,60,3,1500,26.37270623
0.25,9,0.75,60,3,2000,33.48050235
0.25,9,0.75,60,3,2500,107.3488243
0.25,9,1.25,30,3,500,5.571663494
0.25,9,1.25,30,3,1500,37.44777064
0.25,9,1.25,30,3,2000,89.56626849
0.25,9,1.25,30,3,2500,110.8527617
0.25,9,1.25,45,3,500,5.663012311
0.25,9,1.25,45,3,1000,23.20150941
0.25,9,1.25,45,3,1500,52.09257303
0.25,9,1.25,45,3,2000,86.40196036
0.25,9,1.25,45,3,2500,143.2572376
0.25,9,1.25,60,3,500,3.475602154
0.25,9,1.25,60,3,1000,12.9157583
0.25,9,1.25,60,3,1500,32.16389626
0.25,9,1.25,60,3,2000,54.04356367
0.25,9,1.25,60,3,2500,81.95044901
0.25,9,1.5,30,3,500,4.451258422
0.25,9,1.5,30,3,1000,34.60658026
0.25,9,1.5,30,3,1500,73.49922204
0.25,9,1.5,30,3,2000,118.2264046
0.25,9,1.5,30,3,2500,168.1776575
0.25,9,1.5,45,3,500,6.804407952
0.25,9,1.5,45,3,1000,28.20666029
0.25,9,1.5,45,3,1500,61.6150873
0.25,9,1.5,45,3,2000,114.1915323
0.25,9,1.5,45,3,2500,168.5416475
0.25,9,1.5,60,3,500,3.033598237
0.25,9,1.5,60,3,1000,12.05744118
0.25,9,1.5,60,3,1500,27.70396681
0.25,9,1.5,60,3,2500,50.10739824
0.25,11,0.25,60,3,500,1.813741043
0.25,11,0.75,30,3,500,5.441275449
0.25,11,0.75,30,3,1000,22.09964584
0.25,11,0.75,45,3,500,7.672642692
0.25,11,0.75,45,3,1000,17.37478931
0.25,11,0.75,45,3,1500,55.7015168
0.25,11,0.75,45,3,2000,119.5394823
0.25,11,0.75,60,3,500,7.480047014
0.25,11,0.75,60,3,1000,33.23062312
0.25,11,0.75,60,3,1500,51.26850377
0.25,11,0.75,60,3,2000,81.92875431
0.25,11,1.25,30,3,500,10.59935784
0.25,11,1.25,30,3,1000,27.04562626
0.25,11,1.25,30,3,1500,53.7742994
0.25,11,1.25,30,3,2000,134.8313709
0.25,11,1.25,45,3,500,9.670654237
0.25,11,1.25,45,3,1000,34.46444031
0.25,11,1.25,45,3,1500,78.35586029
0.25,11,1.25,45,3,2000,216.2841808
0.25,11,1.25,60,3,500,5.907830724
0.25,11,1.25,60,3,1000,24.05502468
0.25,11,1.25,60,3,1500,37.51100849
0.25,11,1.25,60,3,2000,93.6229737
0.25,11,1.5,30,3,1000,40.75528112
0.25,11,1.5,30,3,2000,163.7494969
0.25,11,1.5,45,3,1000,60.91674791
0.25,11,1.5,45,3,1500,90.15110123
0.25,11,1.5,45,3,2000,230.9471402
0.25,11,1.5,60,3,500,8.338631886
0.25,11,1.5,60,3,1000,34.41891806
0.25,11,1.5,60,3,1500,77.67973326
0.25,11,1.5,60,3,2000,128.6269307
0.75,5,0.25,30,3,500,0.1290864728
0.75,5,0.25,30,3,1000,0.5352996705
0.75,5,0.25,30,3,1500,1.196291553
0.75,5,0.25,30,3,2000,2.161509974
0.75,5,0.25,30,3,2500,3.408365871
0.75,5,0.25,45,3,500,0.1512370143
0.75,5,0.25,45,3,1000,0.584630914
0.75,5,0.25,45,3,1500,1.617251421
0.75,5,0.25,45,3,2000,2.32424121
0.75,5,0.25,45,3,2500,3.657716103
0.75,5,0.25,60,3,500,0.1461484636
0.75,5,0.25,60,3,1000,0.5977819601
0.75,5,0.25,60,3,1500,1.348157236
0.75,5,0.25,60,3,2000,2.372311335
0.75,5,0.25,60,3,2500,3.695494519
0.75,5,0.75,30,3,500,0.4074756669
0.75,5,0.75,30,3,1000,1.606978089
0.75,5,0.75,30,3,1500,3.628294454
0.75,5,0.75,30,3,2000,6.402317404
0.75,5,0.75,30,3,2500,10.21437175
0.75,5,0.75,45,3,500,0.2264734845
0.75,5,0.75,45,3,1000,0.8982156604
0.75,5,0.75,45,3,1500,1.997636502
0.75,5,0.75,45,3,2000,3.516712852
0.75,5,0.75,45,3,2500,5.44572867
0.75,5,1.25,30,3,500,0.5442271245
0.75,5,1.25,30,3,1000,2.240719714
0.75,5,1.25,30,3,1500,4.822123196
0.75,5,1.25,30,3,2000,8.775374517
0.75,5,1.25,30,3,2500,13.85887508
0.75,5,1.25,45,3,500,0.2878917592
0.75,5,1.25,45,3,1000,1.138993078
0.75,5,1.25,45,3,1500,2.504318703
0.75,5,1.25,45,3,2000,4.550247761
0.75,5,1.25,45,3,2500,7.078014497
0.75,5,1.5,30,3,500,0.449305975
0.75,5,1.5,30,3,1000,1.807012201
0.75,5,1.5,30,3,1500,4.339313368
0.75,5,1.5,30,3,2000,7.524058598
0.75,5,1.5,30,3,2500,12.70846192
0.75,7,0.25,30,3,500,0.3873506775
0.75,7,0.25,30,3,1000,1.310722789
0.75,7,0.25,30,3,1500,3.29728587
0.75,7,0.25,30,3,2000,5.644315288
0.75,7,0.25,30,3,2500,7.799996282
0.75,7,0.25,45,3,500,0.5150351732
0.75,7,0.25,45,3,1000,1.991023692
0.75,7,0.25,45,3,1500,4.453746484
0.75,7,0.25,45,3,2000,7.715894037
0.75,7,0.25,45,3,2500,10.94601757
0.75,7,0.25,60,3,500,0.4925428148
0.75,7,0.25,60,3,1000,1.914264499
0.75,7,0.25,60,3,1500,4.389249354
0.75,7,0.25,60,3,2000,8.550724414
0.75,7,0.25,60,3,2500,16.83580052
0.75,7,0.75,30,3,500,1.612053536
0.75,7,0.75,30,3,1000,6.765539282
0.75,7,0.75,30,3,1500,13.57744768
0.75,7,0.75,30,3,2000,27.70932561
0.75,7,0.75,30,3,2500,33.52508525
0.75,7,0.75,45,3,500,1.760311479
0.75,7,0.75,45,3,1000,7.523732775
0.75,7,0.75,45,3,1500,15.7861707
0.75,7,0.75,45,3,2000,32.18080645
0.75,7,0.75,45,3,2500,48.88274725
0.75,7,0.75,60,3,500,0.5999218762
0.75,7,0.75,60,3,1000,2.39355845
0.75,7,0.75,60,3,1500,5.225139595
0.75,7,0.75,60,3,2000,9.946873676
0.75,7,0.75,60,3,2500,15.618822
0.75,7,1.25,30,3,500,2.596139518
0.75,7,1.25,30,3,1000,10.453382
0.75,7,1.25,30,3,1500,22.63548628
0.75,7,1.25,30,3,2000,47.18812767
0.75,7,1.25,30,3,2500,76.76735997
0.75,7,1.25,45,3,500,1.693478268
0.75,7,1.25,45,3,1000,6.9795412
0.75,7,1.25,45,3,1500,15.7782203
0.75,7,1.25,45,3,2000,28.93875989
0.75,7,1.25,45,3,2500,45.68928385
0.75,7,1.5,30,3,500,2.581722043
0.75,7,1.5,30,3,1000,10.4617482
0.75,7,1.5,30,3,1500,25.15664962
0.75,7,1.5,30,3,2000,49.50823731
0.75,7,1.5,30,3,2500,81.47703851
0.75,7,1.5,45,3,500,1.855930382
0.75,7,1.5,45,3,1000,7.584651943
0.75,7,1.5,45,3,1500,16.11595443
0.75,7,1.5,45,3,2000,31.30679246
0.75,9,0.25,45,3,500,0.9882747019
0.75,9,0.25,45,3,1000,3.849336033
0.75,9,0.25,45,3,1500,8.272157394
0.75,9,0.25,60,3,500,1.426465531
0.75,9,0.25,60,3,1000,5.473047667
0.75,9,0.25,60,3,1500,12.39470404
0.75,9,0.25,60,3,2000,11.99770226
0.75,9,0.75,30,3,500,3.301624517
0.75,9,0.75,30,3,1000,12.96525968
0.75,9,0.75,30,3,1500,28.57921708
0.75,9,0.75,30,3,2500,68.32774542
0.75,9,0.75,45,3,500,4.000131269
0.75,9,0.75,45,3,1000,15.97610501
0.75,9,0.75,45,3,1500,38.87029313
0.75,9,0.75,45,3,2000,69.62606105
0.75,9,0.75,45,3,2500,115.7334805
0.75,9,0.75,60,3,500,2.781085405
0.75,9,0.75,60,3,1000,11.90111539
0.75,9,0.75,60,3,1500,27.02442027
0.75,9,0.75,60,3,2000,48.5249347
0.75,9,0.75,60,3,2500,74.81991846
0.75,9,1.25,30,3,500,3.672931395
0.75,9,1.25,30,3,1000,25.87139579
0.75,9,1.25,30,3,1500,52.87812714
0.75,9,1.25,30,3,2000,94.07533142
0.75,9,1.25,30,3,2500,115.0707264
0.75,9,1.25,45,3,500,5.496683205
0.75,9,1.25,45,3,1000,21.28862093
0.75,9,1.25,45,3,1500,45.68561789
0.75,9,1.25,45,3,2000,51.99097668
0.75,9,1.25,45,3,2500,128.7201044
0.75,9,1.25,60,3,500,2.418499878
0.75,9,1.25,60,3,1000,10.5385862
0.75,9,1.25,60,3,1500,23.2834547
0.75,9,1.25,60,3,2000,39.11130757
0.75,9,1.25,60,3,2500,58.54800497
0.75,9,1.5,30,3,500,8.138060189
0.75,9,1.5,30,3,1000,30.87404825
0.75,9,1.5,30,3,1500,66.58854095
0.75,9,1.5,30,3,2000,123.7150423
0.75,9,1.5,30,3,2500,179.3744143
0.75,9,1.5,45,3,500,5.883848154
0.75,9,1.5,45,3,1000,22.27091806
0.75,9,1.5,45,3,1500,50.68597071
0.75,9,1.5,45,3,2500,142.4885157
0.75,9,1.5,60,3,500,1.972854039
0.75,9,1.5,60,3,1000,8.349338136
0.75,9,1.5,60,3,1500,18.22309049
0.75,11,0.25,60,3,500,2.232724191
0.75,11,0.25,60,3,1000,8.227863897
0.75,11,0.75,30,3,500,6.361568782
0.75,11,0.75,30,3,1000,21.22698152
0.75,11,0.75,30,3,1500,42.35480609
0.75,11,0.75,45,3,500,6.413791598
0.75,11,0.75,45,3,1000,35.34440268
0.75,11,0.75,60,3,500,4.246213618
0.75,11,0.75,60,3,1000,28.2222319
0.75,11,0.75,60,3,1500,39.08485652
0.75,11,0.75,60,3,2000,119.7066765
0.75,11,1.25,30,3,500,9.726278232
0.75,11,1.25,30,3,1000,36.35884376
0.75,11,1.25,30,3,1500,59.0738604
0.75,11,1.25,30,3,2000,185.9878542
0.75,11,1.25,45,3,500,6.947869877
0.75,11,1.25,45,3,1000,53.00814365
0.75,11,1.25,45,3,1500,70.47994174
0.75,11,1.25,45,3,2000,109.2439681
0.75,11,1.25,60,3,500,5.386057507
0.75,11,1.25,60,3,1000,21.72581197
0.75,11,1.25,60,3,1500,43.9445207
0.75,11,1.25,60,3,2000,75.29202871
0.75,11,1.5,30,3,500,6.842242596
0.75,11,1.5,30,3,1000,47.60572681
0.75,11,1.5,30,3,2000,200.0209201
0.75,11,1.5,45,3,500,11.58581212
0.75,11,1.5,45,3,1000,48.34644979
0.75,11,1.5,45,3,1500,104.6679842
0.75,11,1.5,45,3,2000,194.0267832
0.75,11,1.5,60,3,500,5.66771069
0.75,11,1.5,60,3,1000,22.64022798
0.75,11,1.5,60,3,1500,49.4220694
0.75,11,1.5,60,3,2000,84.15068525
1.25,5,0.75,45,3,2000,1.66777402
1.25,5,0.75,45,3,2500,2.526486892
1.25,5,1.25,30,3,500,0.1870657175
1.25,5,1.25,30,3,1000,0.8151257433
1.25,5,1.25,30,3,1500,1.665467727
1.25,5,1.25,30,3,2000,2.940311045
1.25,5,1.25,30,3,2500,4.581276535
1.25,7,0.25,30,3,500,0.4735294194
1.25,7,0.25,30,3,1000,1.606145639
1.25,7,0.25,30,3,1500,4.349850384
1.25,7,0.25,30,3,2000,7.199720433
1.25,7,0.25,30,3,2500,11.72101242
1.25,7,0.25,45,3,500,0.506564888
1.25,7,0.25,45,3,1000,1.995789747
1.25,7,0.25,45,3,1500,4.784140289
1.25,7,0.25,45,3,2000,7.751661077
1.25,7,0.25,45,3,2500,12.04460209
1.25,7,0.25,60,3,500,0.2269674799
1.25,7,0.25,60,3,1000,0.9084146816
1.25,7,0.25,60,3,1500,2.018116062
1.25,7,0.25,60,3,2000,3.583573767
1.25,7,0.25,60,3,2500,5.461187841
1.25,7,0.75,30,3,500,1.265686276
1.25,7,0.75,30,3,1000,5.071721567
1.25,7,0.75,30,3,1500,11.15273069
1.25,7,0.75,30,3,2000,20.79076828
1.25,7,0.75,30,3,2500,31.81770447
1.25,7,0.75,45,3,500,0.4125794488
1.25,7,0.75,45,3,1000,1.633648481
1.25,7,0.75,45,3,1500,4.247145847
1.25,7,0.75,45,3,2000,7.757678146
1.25,7,0.75,45,3,2500,12.21254081
1.25,7,0.75,60,3,500,0.5062106067
1.25,7,0.75,60,3,1000,1.955792225
1.25,7,0.75,60,3,1500,4.265882759
1.25,7,0.75,60,3,2000,8.066212902
1.25,7,0.75,60,3,2500,12.31024028
1.25,7,1.25,30,3,500,1.684999317
1.25,7,1.25,30,3,1000,6.638668147
1.25,7,1.25,30,3,1500,15.01854828
1.25,7,1.25,30,3,2000,26.41796404
1.25,7,1.25,30,3,2500,40.40914364
1.25,7,1.25,45,3,500,0.9437657697
1.25,7,1.25,45,3,1000,3.809726749
1.25,7,1.25,45,3,1500,7.691441953
1.25,7,1.25,45,3,2000,14.98001954
1.25,7,1.25,45,3,2500,21.7126954
1.25,7,1.5,30,3,500,1.6646066
1.25,7,1.5,30,3,1000,6.509010975
1.25,7,1.5,30,3,1500,14.69804017
1.25,7,1.5,30,3,2000,34.82377221
1.25,7,1.5,30,3,2500,62.95948646
1.25,7,1.5,45,3,500,0.8370265755
1.25,7,1.5,45,3,1000,3.374736099
1.25,7,1.5,45,3,1500,8.084240803
1.25,7,1.5,45,3,2000,13.29004419
1.25,9,0.25,30,3,500,1.03805778
1.25,9,0.25,30,3,1000,4.306163843
1.25,9,0.25,30,3,1500,7.65261491
1.25,9,0.25,45,3,500,1.197328467
1.25,9,0.25,45,3,1000,4.650895989
1.25,9,0.25,45,3,1500,8.554002121
1.25,9,0.25,45,3,2000,16.08614713
1.25,9,0.25,45,3,2500,20.33265024
1.25,9,0.25,60,3,500,1.209357038
1.25,9,0.25,60,3,1000,4.721772602
1.25,9,0.25,60,3,1500,10.98407329
1.25,9,0.25,60,3,2000,18.96612819
1.25,9,0.25,60,3,2500,27.94640936
1.25,9,0.75,30,3,500,1.884218812
1.25,9,0.75,30,3,1000,10.63041307
1.25,9,0.75,30,3,1500,24.5610395
1.25,9,0.75,30,3,2000,42.11897933
1.25,9,0.75,30,3,2500,54.27021218
1.25,9,0.75,45,3,500,2.795242616
1.25,9,0.75,45,3,1000,13.86953235
1.25,9,0.75,45,3,1500,29.74454078
1.25,9,0.75,45,3,2000,57.90599765
1.25,9,0.75,45,3,2500,88.48831971
1.25,9,0.75,60,3,1500,12.52083025
1.25,9,0.75,60,3,2500,33.06220974
1.25,9,1.25,30,3,500,3.451044261
1.25,9,1.25,30,3,1000,15.76903194
1.25,9,1.25,30,3,1500,31.62833741
1.25,9,1.25,30,3,2000,65.84662949
1.25,9,1.25,30,3,2500,102.6928333
1.25,9,1.25,45,3,500,4.43516053
1.25,9,1.25,45,3,1000,15.63539333
1.25,9,1.25,45,3,1500,38.64120391
1.25,9,1.25,45,3,2000,64.61953063
1.25,9,1.25,45,3,2500,103.901644
1.25,9,1.25,60,3,500,2.096816012
1.25,9,1.25,60,3,1000,8.49745379
1.25,9,1.25,60,3,1500,18.24422239
1.25,9,1.25,60,3,2000,29.34189592
1.25,9,1.25,60,3,2500,41.22939652
1.25,9,1.5,30,3,500,4.741225946
1.25,9,1.5,30,3,1000,19.31135628
1.25,9,1.5,30,3,1500,37.71642126
1.25,9,1.5,30,3,2000,75.35999803
1.25,9,1.5,30,3,2500,100.6249116
1.25,9,1.5,45,3,500,3.395513718
1.25,9,1.5,45,3,1000,19.65004062
1.25,9,1.5,45,3,2500,93.79771105
1.25,11,0.25,30,3,1000,7.700822286
1.25,11,0.25,45,3,1000,8.876914694
1.25,11,0.25,45,3,1500,17.36049968
1.25,11,0.25,60,3,500,1.703686541
1.25,11,0.25,60,3,1000,6.831246648
1.25,11,0.25,60,3,1500,23.36559148
1.25,11,0.25,60,3,2000,34.44870827
1.25,11,0.75,30,3,500,4.742251848
1.25,11,0.75,30,3,1000,19.63407718
1.25,11,0.75,30,3,1500,32.91610218
1.25,11,0.75,30,3,2000,64.61892722
1.25,11,0.75,45,3,500,5.138817974
1.25,11,0.75,45,3,1000,27.3076437
1.25,11,0.75,45,3,2000,107.9842647
1.25,11,0.75,60,3,500,2.745743671
1.25,11,0.75,60,3,1000,17.31463688
1.25,11,0.75,60,3,1500,34.5537556
1.25,11,1.25,30,3,500,9.902767126
1.25,11,1.25,30,3,1000,34.31911319
1.25,11,1.25,30,3,1500,76.06604149
1.25,11,1.25,30,3,2000,116.9122479
1.25,11,1.25,45,3,500,8.858137372
1.25,11,1.25,45,3,1000,44.78981663
1.25,11,1.25,45,3,1500,103.3984438
1.25,11,1.25,45,3,2000,155.5182822
1.25,11,1.25,60,3,500,4.067984851
1.25,11,1.25,60,3,1000,15.86337268
1.25,11,1.25,60,3,1500,27.48009661
1.25,11,1.25,60,3,2000,65.38085909
1.25,11,1.5,30,3,500,9.018796592
1.25,11,1.5,30,3,1000,36.54278236
1.25,11,1.5,30,3,1500,83.64702579
1.25,11,1.5,30,3,2000,149.8238033
1.75,7,0.75,30,3,1500,2.44849826
1.75,7,0.75,30,3,2000,4.278032609
1.75,7,0.75,30,3,2500,6.607421321
1.75,7,0.75,45,3,2500,7.49335663
1.75,7,1.5,30,3,500,0.5735415552
1.75,7,1.5,30,3,1000,2.340917064
1.75,7,1.5,30,3,1500,5.219555797
1.75,7,1.5,30,3,2000,8.524718387
1.75,7,1.5,30,3,2500,12.43594416
1.75,9,0.25,30,3,500,0.4223247251
1.75,9,0.25,30,3,1000,1.425432749
1.75,9,0.25,30,3,1500,3.703076923
1.75,9,0.25,45,3,500,0.4569381893
1.75,9,0.25,45,3,1000,1.83575749
1.75,9,0.25,45,3,1500,4.188963932
1.75,9,0.25,45,3,2000,5.843217184
1.75,9,0.25,60,3,1000,1.874642335
1.75,9,0.25,60,3,1500,4.513827133
1.75,9,0.25,60,3,2000,7.032668055
1.75,9,0.75,30,3,500,3.199353978
1.75,9,0.75,30,3,1000,13.01677233
1.75,9,0.75,30,3,1500,26.54209693
1.75,9,0.75,30,3,2000,49.60799011
1.75,9,0.75,30,3,2500,53.39452878
1.75,9,0.75,45,3,500,1.025601497
1.75,9,0.75,45,3,1000,4.052052373
1.75,9,0.75,45,3,1500,8.816958486
1.75,9,0.75,45,3,2000,15.10210532
1.75,9,0.75,45,3,2500,22.20296488
1.75,9,0.75,60,3,500,0.8205196498
1.75,9,0.75,60,3,1000,3.199518481
1.75,9,0.75,60,3,1500,7.214963362
1.75,9,0.75,60,3,2500,19.31138283
1.75,9,1.25,30,3,500,3.871605941
1.75,9,1.25,30,3,1000,13.54224192
1.75,9,1.25,30,3,1500,41.25352086
1.75,9,1.25,30,3,2000,78.90164779
1.75,9,1.25,30,3,2500,108.5891068
1.75,9,1.25,45,3,500,1.270300087
1.75,9,1.25,45,3,1000,5.338693715
1.75,9,1.25,45,3,1500,12.31438118
1.75,9,1.25,45,3,2500,31.63360732
1.75,9,1.5,30,3,500,4.005583263
1.75,9,1.5,30,3,1000,16.27744748
1.75,9,1.5,30,3,1500,36.5945943
1.75,9,1.5,30,3,2000,53.45750324
1.75,9,1.5,30,3,2500,80.70834766
1.75,9,1.5,45,3,500,2.070925134
1.75,9,1.5,45,3,1000,7.828277389
1.75,9,1.5,45,3,1500,18.48199293
1.75,9,1.5,45,3,2500,54.56683656
1.75,11,0.25,30,3,500,0.8298600935
1.75,11,0.25,30,3,1000,3.359418786
1.75,11,0.25,30,3,1500,5.498818222
1.75,11,0.25,45,3,500,0.924208313
1.75,11,0.25,45,3,1000,3.765351297
1.75,11,0.25,45,3,1500,7.775220226
1.75,11,0.25,60,3,500,0.9946350411
1.75,11,0.25,60,3,1000,4.078827001
1.75,11,0.25,60,3,1500,9.170903979
1.75,11,0.25,60,3,2000,11.46572361
1.75,11,0.75,30,3,1000,21.69634992
1.75,11,0.75,30,3,1500,50.14919127
1.75,11,0.75,30,3,2000,59.04822712
1.75,11,0.75,45,3,500,7.407078968
1.75,11,0.75,45,3,1000,26.50897228
1.75,11,0.75,45,3,1500,52.31204863
1.75,11,0.75,45,3,2000,112.3177569
1.75,11,0.75,60,3,500,2.571330169
1.75,11,0.75,60,3,1500,28.92622874
1.75,11,1.25,30,3,500,8.631152253
1.75,11,1.25,30,3,1000,34.23990925
1.75,11,1.25,30,3,1500,97.62133227
1.75,11,1.25,30,3,2000,150.8275011
1.75,11,1.25,45,3,500,8.047969385
1.75,11,1.25,45,3,1000,41.76080689
1.75,11,1.25,45,3,1500,71.26752082
1.75,11,1.25,45,3,2000,126.3064724
1.75,11,1.25,60,3,500,3.453377647
1.75,11,1.25,60,3,1000,14.40545626
1.75,11,1.25,60,3,1500,33.90476038
1.75,11,1.25,60,3,2000,43.54018513
1.75,11,1.5,30,3,500,8.37788013
1.75,11,1.5,30,3,1000,33.3612425
1.75,11,1.5,30,3,1500,73.58266857
1.75,11,1.5,30,3,2000,133.0888704
1.75,11,1.5,45,3,500,3.982862815
1.75,11,1.5,45,3,1000,17.31796735
1.75,11,1.5,45,3,1500,39.84905753
1.75,11,1.5,45,3,2000,65.61047681
1.75,11,1.5,60,3,500,3.956205229
1.75,11,1.5,60,3,1000,16.57791656
1.75,11,1.5,60,3,1500,33.86292903
1.75,11,1.5,60,3,2000,49.06068582
2,7,1.5,30,3,1000,1.8838103
2,7,1.5,30,3,1500,4.245917938
2,7,1.5,30,3,2000,7.142850058
2,7,1.5,30,3,2500,11.1415333
2,9,0.25,45,3,500,0.3608671136
2,9,0.25,45,3,1000,1.454018442
2,9,0.25,45,3,1500,2.996987286
2,9,0.25,60,3,500,0.1627113574
2,9,0.25,60,3,1000,0.62846694
2,9,0.25,60,3,1500,1.682786956
2,9,0.75,30,3,500,3.068236769
2,9,0.75,30,3,1000,12.06562593
2,9,0.75,30,3,1500,26.56291417
2,9,0.75,30,3,2000,45.34662203
2,9,0.75,30,3,2500,59.20676195
2,9,0.75,45,3,500,0.7454540966
2,9,0.75,45,3,1000,3.169369515
2,9,0.75,45,3,1500,8.133853125
2,9,0.75,45,3,2000,13.03089567
2,9,0.75,45,3,2500,19.27707742
2,9,0.75,60,3,500,0.9806357116
2,9,0.75,60,3,1000,3.909019983
2,9,0.75,60,3,1500,8.360350305
2,9,0.75,60,3,2000,13.62793057
2,9,0.75,60,3,2500,21.08436773
2,9,1.25,30,3,500,3.624037968
2,9,1.25,30,3,1000,14.08274385
2,9,1.25,30,3,1500,33.15613694
2,9,1.25,30,3,2000,69.64015821
2,9,1.25,30,3,2500,94.82983804
2,9,1.25,45,3,500,1.41393832
2,9,1.25,45,3,1000,5.628291667
2,9,1.25,45,3,1500,12.02984567
2,9,1.25,45,3,2000,20.71775813
2,9,1.25,45,3,2500,27.77675836
2,9,1.5,30,3,500,3.904468241
2,9,1.5,30,3,1000,12.83729328
2,9,1.5,30,3,1500,40.98489821
2,9,1.5,30,3,2000,79.45076056
2,9,1.5,30,3,2500,105.0005589
2,9,1.5,45,3,500,1.404290618
2,9,1.5,45,3,1000,5.616093366
2,9,1.5,45,3,1500,12.74282676
2,9,1.5,45,3,2000,22.38839352
2,9,1.5,45,3,2500,32.05041101
2,11,0.25,30,3,500,0.7377327048
2,11,0.25,30,3,1000,2.910265008
2,11,0.25,30,3,1500,4.921501187
2,11,0.25,45,3,500,0.8406469242
2,11,0.25,45,3,1000,3.451265561
2,11,0.25,45,3,1500,6.82398979
2,11,0.25,60,3,500,0.8597206655
2,11,0.25,60,3,1000,3.44500923
2,11,0.25,60,3,1500,7.71738397
2,11,0.25,60,3,2000,11.02849751
2,11,0.75,30,3,500,5.896731377
2,11,0.75,30,3,1000,25.18523634
2,11,0.75,30,3,1500,59.67780693
2,11,0.75,45,3,500,5.452207548
2,11,0.75,45,3,1000,25.30092621
2,11,0.75,45,3,2000,85.79082749
2,11,0.75,60,3,500,2.130293132
2,11,0.75,60,3,1000,9.99316129
2,11,0.75,60,3,1500,21.32671548
2,11,0.75,60,3,2000,36.30383756
2,11,1.25,30,3,500,8.004365001
2,11,1.25,30,3,1000,32.7241805
2,11,1.25,30,3,1500,92.95117121
2,11,1.25,30,3,2000,129.6365105
2,11,1.25,45,3,500,2.806149327
2,11,1.25,45,3,1000,10.86088009
2,11,1.25,45,3,1500,26.93267151
2,11,1.25,45,3,2000,42.44797306
2,11,1.25,60,3,1000,8.412924942
2,11,1.25,60,3,1500,25.10512834
2,11,1.25,60,3,2000,37.08621881
2,11,1.5,30,3,500,6.75556004
2,11,1.5,30,3,1000,32.69525956
2,11,1.5,30,3,1500,101.3031492
2,11,1.5,30,3,2000,140.0011017
0.25,3,0.25,45,2,1000,0.169959514
0.25,3,0.25,45,2,1500,0.3893030205
0.25,3,0.25,45,2,2000,0.7026359533
0.25,3,0.25,45,2,2500,1.094853398
0.25,3,0.25,60,2,1000,0.08398397829
0.25,3,0.25,60,2,1500,0.1895737887
0.25,3,0.25,60,2,2000,0.3320417926
0.25,3,0.25,60,2,2500,0.5189857482
0.25,3,0.75,30,2,500,0.08281173358
0.25,3,0.75,30,2,1000,0.2690581442
0.25,3,0.75,30,2,1500,0.6246263467
0.25,3,0.75,30,2,2000,1.155041426
0.25,3,0.75,30,2,2500,1.829840579
0.25,3,0.75,45,2,1000,0.1811420085
0.25,3,0.75,45,2,1500,0.4109810852
0.25,3,0.75,45,2,2000,0.7232747453
0.25,3,0.75,45,2,2500,1.141807166
0.25,5,0.25,45,2,500,0.209499156
0.25,5,0.25,45,2,1000,0.7677569647
0.25,5,0.25,45,2,1500,1.859596823
0.25,5,0.25,45,2,2000,3.208917042
0.25,5,0.25,45,2,2500,5.07516319
0.25,5,0.25,60,2,500,0.1997202596
0.25,5,0.25,60,2,1000,0.916967862
0.25,5,0.25,60,2,1500,2.046009199
0.25,5,0.25,60,2,2000,3.601504428
0.25,5,0.25,60,2,2500,5.587618014
0.25,5,0.75,30,2,500,0.6005717574
0.25,5,0.75,30,2,1000,1.763251155
0.25,5,0.75,30,2,1500,3.894413656
0.25,5,0.75,30,2,2000,6.760374887
0.25,5,0.75,30,2,2500,10.21487333
0.25,5,0.75,45,2,500,0.4439894301
0.25,5,0.75,45,2,1000,1.756059672
0.25,5,0.75,45,2,1500,3.953914545
0.25,5,0.75,45,2,2000,7.034738297
0.25,5,0.75,45,2,2500,10.90710754
0.25,5,0.75,60,2,1500,1.597179137
0.25,5,0.75,60,2,2000,2.84648969
0.25,5,0.75,60,2,2500,4.46901333
0.25,5,1.25,30,2,500,0.7434906122
0.25,5,1.25,30,2,1000,2.257634821
0.25,5,1.25,30,2,1500,4.874146048
0.25,5,1.25,30,2,2000,9.07738499
0.25,5,1.25,30,2,2500,14.03355612
0.25,5,1.25,45,2,500,0.459741395
0.25,5,1.25,45,2,1000,1.709222342
0.25,5,1.25,45,2,1500,4.023317492
0.25,5,1.25,45,2,2000,6.987414733
0.25,5,1.25,45,2,2500,11.2266361
0.25,5,1.5,30,2,500,0.4904225218
0.25,5,1.5,30,2,1000,1.917601983
0.25,5,1.5,30,2,1500,4.265344432
0.25,5,1.5,30,2,2000,7.606365152
0.25,5,1.5,30,2,2500,11.83811103
0.25,7,0.25,45,2,500,0.500145037
0.25,7,0.25,45,2,1000,2.140801476
0.25,7,0.25,45,2,1500,4.786518159
0.25,7,0.25,45,2,2000,8.763298585
0.25,7,0.25,45,2,2500,13.35599417
0.25,7,0.25,60,2,500,0.5941083445
0.25,7,0.25,60,2,1000,2.632496076
0.25,7,0.25,60,2,1500,6.03000395
0.25,7,0.25,60,2,2000,10.42488418
0.25,7,0.25,60,2,2500,16.28795341
0.25,7,0.75,30,2,500,1.716225209
0.25,7,0.75,30,2,1000,4.967586126
0.25,7,0.75,30,2,1500,10.64491358
0.25,7,0.75,30,2,2000,18.75072678
0.25,7,0.75,30,2,2500,28.40706122
0.25,7,0.75,45,2,500,1.848529985
0.25,7,0.75,45,2,1000,6.762595944
0.25,7,0.75,45,2,1500,15.01900728
0.25,7,0.75,45,2,2000,27.00457147
0.25,7,0.75,45,2,2500,41.82434937
0.25,7,0.75,60,2,500,0.6122113387
0.25,7,0.75,60,2,1000,3.058748171
0.25,7,0.75,60,2,1500,6.811035371
0.25,7,0.75,60,2,2000,11.93321667
0.25,7,0.75,60,2,2500,18.29416316
0.25,7,1.25,30,2,500,2.757734963
0.25,7,1.25,30,2,1000,8.021377082
0.25,7,1.25,30,2,1500,17.57899776
0.25,7,1.25,30,2,2000,32.64373585
0.25,7,1.25,30,2,2500,54.0720937
0.25,7,1.25,45,2,500,2.484315024
0.25,7,1.25,45,2,1000,7.962828167
0.25,7,1.25,45,2,1500,18.11237918
0.25,7,1.25,45,2,2000,32.25265014
0.25,7,1.25,45,2,2500,50.014181
0.25,7,1.25,60,2,500,1.14318757
0.25,7,1.25,60,2,1000,4.931053653
0.25,7,1.25,60,2,1500,11.08929833
0.25,7,1.25,60,2,2000,19.90851794
0.25,7,1.25,60,2,2500,30.83089912
0.25,7,1.5,30,2,500,2.955326389
0.25,7,1.5,30,2,1000,8.815112527
0.25,7,1.5,30,2,1500,19.87860579
0.25,7,1.5,30,2,2000,37.31583675
0.25,7,1.5,30,2,2500,55.74662335
0.25,7,1.5,45,2,500,2.189006303
0.25,7,1.5,45,2,1000,8.564178086
0.25,7,1.5,45,2,1500,19.34203927
0.25,7,1.5,45,2,2000,34.15795604
0.25,7,1.5,45,2,2500,53.02308229
0.25,9,0.25,45,2,1000,3.724766969
0.25,9,0.25,45,2,1500,8.15699431
0.25,9,0.25,45,2,2000,13.9733344
0.25,9,0.25,45,2,2500,23.36178183
0.25,9,0.25,60,2,500,1.265250971
0.25,9,0.25,60,2,1000,5.741407336
0.25,9,0.25,60,2,1500,13.08391763
0.25,9,0.25,60,2,2000,23.17102197
0.25,9,0.25,60,2,2500,34.92025955
0.25,9,0.75,30,2,500,3.411393716
0.25,9,0.75,30,2,1000,11.5785134
0.25,9,0.75,30,2,1500,23.25761577
0.25,9,0.75,30,2,2000,43.36549378
0.25,9,0.75,30,2,2500,63.85817306
0.25,9,0.75,45,2,500,3.285523347
0.25,9,0.75,45,2,1000,13.16830544
0.25,9,0.75,45,2,1500,30.69744459
0.25,9,0.75,45,2,2000,54.89565623
0.25,9,0.75,45,2,2500,86.12818547
0.25,9,0.75,60,2,500,3.49671573
0.25,9,0.75,60,2,1000,13.81532787
0.25,9,0.75,60,2,1500,30.77792654
0.25,9,0.75,60,2,2000,54.24108923
0.25,9,0.75,60,2,2500,83.96879833
0.25,9,1.25,30,2,500,5.280875924
0.25,9,1.25,30,2,1000,16.15274266
0.25,9,1.25,30,2,1500,38.12321566
0.25,9,1.25,30,2,2000,60.48206322
0.25,9,1.25,30,2,2500,104.0215319
0.25,9,1.25,45,2,500,4.812692274
0.25,9,1.25,45,2,1000,19.00367572
0.25,9,1.25,45,2,1500,43.12134935
0.25,9,1.25,45,2,2000,74.80377411
0.25,9,1.25,45,2,2500,117.1016748
0.25,9,1.25,60,2,500,2.723065957
0.25,9,1.25,60,2,1000,10.59710489
0.25,9,1.25,60,2,1500,23.34922374
0.25,9,1.25,60,2,2000,41.58131169
0.25,9,1.25,60,2,2500,63.04823231
0.25,9,1.5,30,2,500,6.997037339
0.25,9,1.5,30,2,1000,18.54524646
0.25,9,1.5,30,2,1500,47.25108702
0.25,9,1.5,30,2,2000,74.60209125
0.25,9,1.5,30,2,2500,129.6165889
0.25,9,1.5,45,2,500,5.925156147
0.25,9,1.5,45,2,1000,23.32933358
0.25,9,1.5,45,2,1500,52.27679193
0.25,9,1.5,45,2,2000,92.21956698
0.25,9,1.5,45,2,2500,143.4253321
0.25,9,1.5,60,2,500,3.14395392
0.25,9,1.5,60,2,1000,13.21655436
0.25,9,1.5,60,2,1500,29.57930079
0.25,9,1.5,60,2,2000,53.60921854
0.25,9,1.5,60,2,2500,79.88039369
0.25,11,0.25,60,2,500,2.496938745
0.25,11,0.25,60,2,1000,10.51031699
0.25,11,0.25,60,2,1500,23.75902491
0.25,11,0.25,60,2,2000,41.97626002
0.25,11,0.25,60,2,2500,65.61166707
0.25,11,0.75,30,2,500,5.885372069
0.25,11,0.75,30,2,1000,16.64641608
0.25,11,0.75,45,2,500,6.060619352
0.25,11,0.75,45,2,1000,24.31042433
0.25,11,0.75,45,2,1500,52.34506319
0.25,11,0.75,45,2,2000,95.5369365
0.25,11,0.75,45,2,2500,152.3661733
0.25,11,0.75,60,2,500,6.570698908
0.25,11,0.75,60,2,1000,27.74723882
0.25,11,0.75,60,2,1500,60.06955691
0.25,11,0.75,60,2,2000,107.1601347
0.25,11,0.75,60,2,2500,170.1941731
0.25,11,1.25,30,2,500,7.651207762
0.25,11,1.25,30,2,1000,29.01931688
0.25,11,1.25,30,2,1500,69.64557898
0.25,11,1.25,30,2,2000,126.3635878
0.25,11,1.25,30,2,2500,191.4944293
0.25,11,1.25,45,2,500,11.46133102
0.25,11,1.25,45,2,1000,41.96206905
0.25,11,1.25,45,2,1500,87.73053035
0.25,11,1.25,45,2,2000,170.1179238
0.25,11,1.25,45,2,2500,265.8111541
0.25,11,1.25,60,2,500,6.862395332
0.25,11,1.25,60,2,1000,24.69137812
0.25,11,1.25,60,2,1500,55.70110544
0.25,11,1.25,60,2,2000,94.97762392
0.25,11,1.25,60,2,2500,137.5954994
0.25,11,1.5,30,2,500,13.12717267
0.25,11,1.5,30,2,1000,48.20484263
0.25,11,1.5,30,2,1500,94.44796607
0.25,11,1.5,30,2,2000,170.1845177
0.25,11,1.5,30,2,2500,249.8602886
0.25,11,1.5,45,2,500,10.56456546
0.25,11,1.5,45,2,1000,43.88446093
0.25,11,1.5,45,2,1500,98.32639374
0.25,11,1.5,45,2,2000,175.4536868
0.25,11,1.5,45,2,2500,276.0574486
0.25,11,1.5,60,2,500,4.239072246
0.25,11,1.5,60,2,1000,23.13475394
0.25,11,1.5,60,2,1500,50.98378378
0.25,11,1.5,60,2,2000,88.77032513
0.25,11,1.5,60,2,2500,127.0091764
0.75,5,0.25,45,2,500,0.1274937592
0.75,5,0.25,45,2,1000,0.5310091262
0.75,5,0.25,45,2,1500,1.189290019
0.75,5,0.25,45,2,2000,2.09541967
0.75,5,0.25,45,2,2500,3.270299934
0.75,5,0.25,60,2,1000,0.6298910063
0.75,5,0.25,60,2,1500,1.40435788
0.75,5,0.25,60,2,2000,2.4391109
0.75,5,0.25,60,2,2500,3.827561774
0.75,5,0.75,30,2,500,0.3889995204
0.75,5,0.75,30,2,1000,1.534516298
0.75,5,0.75,30,2,1500,3.495431495
0.75,5,0.75,30,2,2000,6.155560745
0.75,5,0.75,30,2,2500,9.682580637
0.75,5,0.75,45,2,500,0.2565345864
0.75,5,0.75,45,2,1000,1.066939016
0.75,5,0.75,45,2,1500,2.374547757
0.75,5,0.75,45,2,2000,4.180647486
0.75,5,0.75,45,2,2500,6.43310997
0.75,5,1.25,30,2,500,0.583997468
0.75,5,1.25,30,2,1000,2.022805976
0.75,5,1.25,30,2,1500,4.378822041
0.75,5,1.25,30,2,2000,7.989446173
0.75,5,1.25,30,2,2500,12.53784579
0.75,7,0.25,30,2,1000,1.439801118
0.75,7,0.25,45,2,500,0.4158374864
0.75,7,0.25,45,2,1000,1.643628385
0.75,7,0.25,45,2,1500,3.651238976
0.75,7,0.25,45,2,2000,6.378080047
0.75,7,0.25,45,2,2500,9.954151205
0.75,7,0.25,60,2,500,0.4357118177
0.75,7,0.25,60,2,1000,1.791631503
0.75,7,0.25,60,2,1500,4.11185453
0.75,7,0.25,60,2,2000,7.260824838
0.75,7,0.25,60,2,2500,11.28889093
0.75,7,0.75,30,2,500,1.164855603
0.75,7,0.75,30,2,1000,3.905414308
0.75,7,0.75,30,2,1500,8.368942315
0.75,7,0.75,30,2,2000,14.59996336
0.75,7,0.75,30,2,2500,22.72518256
0.75,7,0.75,45,2,500,1.318105595
0.75,7,0.75,45,2,1000,5.229525386
0.75,7,0.75,45,2,1500,11.7252948
0.75,7,0.75,45,2,2000,20.37686402
0.75,7,0.75,45,2,2500,31.76696615
0.75,7,0.75,60,2,500,0.9299510709
0.75,7,0.75,60,2,1000,3.866987933
0.75,7,0.75,60,2,1500,8.525483901
0.75,7,0.75,60,2,2000,14.7690648
0.75,7,0.75,60,2,2500,22.69167595
0.75,7,1.25,30,2,500,2.344254013
0.75,7,1.25,30,2,1000,9.022392991
0.75,7,1.25,30,2,1500,20.06431332
0.75,7,1.25,30,2,2000,35.76068761
0.75,7,1.25,30,2,2500,55.8680741
0.75,7,1.25,45,2,500,1.991300349
0.75,7,1.25,45,2,1000,7.59117389
0.75,7,1.25,45,2,1500,16.93652324
0.75,7,1.25,45,2,2000,29.78851769
0.75,7,1.25,45,2,2500,46.54704501
0.75,7,1.25,60,2,500,1.204572836
0.75,7,1.25,60,2,1000,4.764325255
0.75,7,1.25,60,2,1500,10.6290279
0.75,7,1.25,60,2,2000,18.37158592
0.75,7,1.25,60,2,2500,28.17858835
0.75,7,1.5,30,2,500,2.636765952
0.75,7,1.5,30,2,1000,9.533313081
0.75,7,1.5,30,2,1500,20.66451678
0.75,7,1.5,30,2,2000,39.00850371
0.75,7,1.5,30,2,2500,60.79068415
0.75,7,1.5,45,2,500,2.027858306
0.75,7,1.5,45,2,1000,7.263270648
0.75,7,1.5,45,2,1500,16.11618907
0.75,7,1.5,45,2,2000,28.37496482
0.75,7,1.5,45,2,2500,43.46264557
0.75,11,0.25,60,2,500,2.189359703
0.75,11,0.25,60,2,1000,8.829324701
0.75,11,0.25,60,2,1500,19.53671757
0.75,11,0.25,60,2,2000,33.8657849
0.75,11,0.25,60,2,2500,53.12665279
0.75,11,0.75,30,2,500,4.713452911
0.75,11,0.75,30,2,1000,17.0333073
0.75,11,0.75,30,2,1500,34.67446085
0.75,11,0.75,30,2,2000,59.4159207
0.75,11,0.75,30,2,2500,96.62912809
0.75,11,0.75,45,2,500,6.149793288
0.75,11,0.75,45,2,1000,26.69492109
0.75,11,0.75,45,2,1500,59.73243721
0.75,11,0.75,45,2,2000,104.4657655
0.75,11,0.75,45,2,2500,167.8528073
0.75,11,0.75,60,2,500,5.797447626
0.75,11,0.75,60,2,1000,24.61210021
0.75,11,0.75,60,2,1500,54.73926146
0.75,11,0.75,60,2,2000,95.27404132
0.75,11,0.75,60,2,2500,153.0462446
0.75,11,1.25,30,2,500,8.402344965
0.75,11,1.25,30,2,1000,31.67566206
0.75,11,1.25,30,2,1500,71.99247466
0.75,11,1.25,30,2,2000,125.0850622
0.75,11,1.25,30,2,2500,188.543854
0.75,11,1.25,45,2,500,11.88299288
0.75,11,1.25,45,2,1000,40.32706889
0.75,11,1.25,45,2,1500,78.13233778
0.75,11,1.25,45,2,2000,159.9171533
0.75,11,1.25,45,2,2500,241.1822211
0.75,11,1.25,60,2,500,6.58091107
0.75,11,1.25,60,2,1000,23.32911175
0.75,11,1.25,60,2,1500,52.00731374
0.75,11,1.25,60,2,2000,89.64258531
0.75,11,1.25,60,2,2500,129.0412256
0.75,11,1.5,30,2,500,12.09744236
0.75,11,1.5,30,2,1000,43.03471834
0.75,11,1.5,30,2,1500,87.5713462
0.75,11,1.5,30,2,2000,149.3849967
0.75,11,1.5,30,2,2500,226.0273516
0.75,11,1.5,45,2,500,9.431795896
0.75,11,1.5,45,2,1000,39.77582619
0.75,11,1.5,45,2,1500,88.34830386
0.75,11,1.5,45,2,2000,154.1532605
0.75,11,1.5,45,2,2500,242.6070256
0.75,11,1.5,60,2,1000,19.83506616
0.75,11,1.5,60,2,1500,44.48317854
0.75,11,1.5,60,2,2000,78.78156286
0.75,11,1.5,60,2,2500,112.070306
1.25,7,0.25,45,2,500,0.4144252413
1.25,7,0.25,45,2,1000,1.749076252
1.25,7,0.25,45,2,1500,3.606432968
1.25,7,0.25,45,2,2000,6.369379585
1.25,7,0.25,45,2,2500,9.838561143
1.25,7,0.25,60,2,1000,0.8557779011
1.25,7,0.25,60,2,1500,1.966789859
1.25,7,0.25,60,2,2000,3.447226594
1.25,7,0.25,60,2,2500,5.349996189
1.25,7,0.75,30,2,500,1.002988348
1.25,7,0.75,30,2,1000,4.051104396
1.25,7,0.75,30,2,1500,9.080948002
1.25,7,0.75,30,2,2000,15.7891709
1.25,7,0.75,30,2,2500,24.09885303
1.25,7,0.75,45,2,500,0.4345128969
1.25,7,0.75,45,2,1000,1.848992075
1.25,7,0.75,45,2,1500,4.142260656
1.25,7,0.75,45,2,2000,7.280361071
1.25,7,0.75,45,2,2500,11.19777214
1.25,7,0.75,60,2,500,0.5164456202
1.25,7,0.75,60,2,1000,2.447483318
1.25,7,0.75,60,2,1500,5.32020598
1.25,7,0.75,60,2,2000,9.517119174
1.25,7,0.75,60,2,2500,14.74555074
1.25,7,1.25,30,2,500,1.27799737
1.25,7,1.25,30,2,1000,5.081264431
1.25,7,1.25,30,2,1500,11.54710617
1.25,7,1.25,30,2,2000,20.79191048
1.25,7,1.25,30,2,2500,31.97783905
1.25,7,1.25,45,2,500,0.8868139504
1.25,7,1.25,45,2,1000,3.103633817
1.25,7,1.25,45,2,1500,7.010126258
1.25,7,1.25,45,2,2000,12.29781597
1.25,7,1.25,45,2,2500,19.19962037
1.25,7,1.5,30,2,500,1.440665348
1.25,7,1.5,30,2,1000,5.625496861
1.25,7,1.5,30,2,1500,12.75214037
1.25,7,1.5,30,2,2000,22.70478591
1.25,7,1.5,30,2,2500,35.52834709
1.25,7,1.5,45,2,500,1.178897819
1.25,7,1.5,45,2,1000,4.059789751
1.25,7,1.5,45,2,1500,9.119341995
1.25,7,1.5,45,2,2000,16.00363912
1.25,7,1.5,45,2,2500,24.49815143
1.25,9,0.25,30,2,500,0.8400524876
1.25,9,0.25,45,2,500,0.93507525
1.25,9,0.25,45,2,1000,3.775544184
1.25,9,0.25,45,2,1500,8.218931793
1.25,9,0.25,45,2,2000,14.26494995
1.25,9,0.25,45,2,2500,21.84904581
1.25,9,0.25,60,2,500,0.9597216468
1.25,9,0.25,60,2,1000,4.367223138
1.25,9,0.25,60,2,1500,9.86921042
1.25,9,0.25,60,2,2000,16.8614631
1.25,9,0.25,60,2,2500,25.77424316
1.25,9,0.75,30,2,500,2.029125808
1.25,9,0.75,30,2,1000,8.144427716
1.25,9,0.75,30,2,1500,17.31783948
1.25,9,0.75,30,2,2000,27.42294365
1.25,9,0.75,30,2,2500,44.89689931
1.25,9,0.75,45,2,500,2.691600111
1.25,9,0.75,45,2,1000,11.09786979
1.25,9,0.75,45,2,1500,25.0798552
1.25,9,0.75,45,2,2000,43.96628308
1.25,9,0.75,45,2,2500,68.56897202
1.25,9,0.75,60,2,500,1.345734718
1.25,9,0.75,60,2,1000,7.422411785
1.25,9,0.75,60,2,1500,16.84457038
1.25,9,0.75,60,2,2000,28.71132949
1.25,9,0.75,60,2,2500,43.33595067
1.25,9,1.25,30,2,500,3.236794072
1.25,9,1.25,30,2,1000,11.72264733
1.25,9,1.25,30,2,1500,27.25853438
1.25,9,1.25,30,2,2000,49.95799988
1.25,9,1.25,30,2,2500,75.21744096
1.25,9,1.25,45,2,500,3.540451006
1.25,9,1.25,45,2,1000,14.42593333
1.25,9,1.25,45,2,1500,34.18155636
1.25,9,1.25,45,2,2000,60.47269941
1.25,9,1.25,45,2,2500,94.51854343
1.25,9,1.25,60,2,1000,7.453106528
1.25,9,1.25,60,2,1500,15.47004122
1.25,9,1.25,60,2,2000,29.20858044
1.25,9,1.25,60,2,2500,45.15289447
1.25,9,1.5,30,2,500,4.335218707
1.25,9,1.5,30,2,1000,16.01812838
1.25,9,1.5,30,2,1500,37.66959476
1.25,9,1.5,30,2,2000,65.5468564
1.25,9,1.5,30,2,2500,103.2939678
1.25,9,1.5,45,2,500,5.354032513
1.25,9,1.5,45,2,1000,16.16902601
1.25,9,1.5,45,2,1500,36.21858946
1.25,9,1.5,45,2,2000,63.93897931
1.25,9,1.5,45,2,2500,99.48699653
1.25,9,1.5,60,2,2000,32.79388224
1.25,11,0.25,30,2,500,1.59674023
1.25,11,0.25,45,2,500,1.695115555
1.25,11,0.25,45,2,1000,7.173603545
1.25,11,0.25,45,2,1500,14.33100929
1.25,11,0.25,45,2,2000,27.53947775
1.25,11,0.25,45,2,2500,42.41685931
1.25,11,0.25,60,2,500,1.796735225
1.25,11,0.25,60,2,1000,9.043255272
1.25,11,0.25,60,2,1500,20.43478971
1.25,11,0.25,60,2,2000,34.71183084
1.25,11,0.25,60,2,2500,52.96407433
1.25,11,0.75,30,2,500,3.738637303
1.25,11,0.75,30,2,1000,23.50185227
1.25,11,0.75,30,2,1500,32.95587211
1.25,11,0.75,30,2,2000,58.44014848
1.25,11,0.75,30,2,2500,88.38025099
1.25,11,0.75,45,2,500,5.539279471
1.25,11,0.75,45,2,1000,21.68470593
1.25,11,0.75,45,2,1500,47.9957486
1.25,11,0.75,45,2,2000,83.96181367
1.25,11,0.75,45,2,2500,125.6001449
1.25,11,0.75,60,2,500,3.617507733
1.25,11,0.75,60,2,1000,16.47542146
1.25,11,0.75,60,2,1500,38.46735688
1.25,11,0.75,60,2,2000,67.18699874
1.25,11,0.75,60,2,2500,103.0254143
1.25,11,1.25,30,2,500,5.848318106
1.25,11,1.25,30,2,1000,25.73738845
1.25,11,1.25,30,2,1500,54.17182187
1.25,11,1.25,30,2,2000,94.54739588
1.25,11,1.25,30,2,2500,153.4658209
1.25,11,1.25,45,2,500,6.246666864
1.25,11,1.25,45,2,1000,31.67739193
1.25,11,1.25,45,2,1500,69.67697393
1.25,11,1.25,45,2,2000,129.8950649
1.25,11,1.25,45,2,2500,202.2794679
1.25,11,1.25,60,2,500,5.591264157
1.25,11,1.25,60,2,1000,21.21768017
1.25,11,1.25,60,2,1500,53.69472759
1.25,11,1.25,60,2,2000,92.33646939
1.25,11,1.25,60,2,2500,139.1084913
1.25,11,1.5,30,2,500,7.519231408
1.25,11,1.5,30,2,1000,28.14792252
1.25,11,1.5,30,2,1500,62.43901832
1.25,11,1.5,30,2,2000,106.8510169
1.25,11,1.5,30,2,2500,171.5096388
1.25,11,1.5,45,2,500,11.05629785
1.25,11,1.5,45,2,1000,33.04791963
1.25,11,1.5,45,2,1500,78.52771685
1.25,11,1.5,45,2,2000,137.5496137
1.25,11,1.5,45,2,2500,217.0285126
1.25,11,1.5,60,2,1000,18.20929086
1.25,11,1.5,60,2,1500,42.1883053
1.25,11,1.5,60,2,2000,73.42704089
1.25,11,1.5,60,2,2500,101.3432259
1.75,7,0.75,45,2,500,0.3514811663
1.75,7,0.75,45,2,1000,1.456990533
1.75,7,0.75,45,2,1500,3.306025858
1.75,7,0.75,45,2,2000,5.726789299
1.75,7,0.75,45,2,2500,8.832810548
1.75,7,1.5,30,2,500,0.6639780008
1.75,7,1.5,30,2,1000,2.434319823
1.75,7,1.5,30,2,1500,5.611571757
1.75,7,1.5,30,2,2000,9.716158549
1.75,7,1.5,30,2,2500,15.35329013
1.75,9,0.25,30,2,1000,1.3406169
1.75,9,0.25,30,2,2000,5.032426449
1.75,9,0.25,60,2,1000,1.824763893
1.75,9,0.25,60,2,1500,4.046622005
1.75,9,0.25,60,2,2000,6.595730625
1.75,9,0.25,60,2,2500,9.902052794
1.75,9,0.75,30,2,500,2.48986454
1.75,9,0.75,30,2,1000,9.340808319
1.75,9,0.75,30,2,1500,21.15897883
1.75,9,0.75,30,2,2000,36.2813861
1.75,9,0.75,30,2,2500,57.54007861
1.75,9,0.75,45,2,500,0.7995131101
1.75,9,0.75,45,2,1000,3.600831758
1.75,9,0.75,45,2,1500,8.458128977
1.75,9,0.75,45,2,2000,14.86339794
1.75,9,0.75,45,2,2500,23.04294252
1.75,9,0.75,60,2,500,1.360965627
1.75,9,0.75,60,2,1000,5.672391407
1.75,9,0.75,60,2,1500,12.72278596
1.75,9,0.75,60,2,2000,22.41377494
1.75,9,0.75,60,2,2500,33.81626478
1.75,9,1.25,30,2,500,3.002216923
1.75,9,1.25,30,2,1000,12.32709255
1.75,9,1.25,30,2,1500,27.4503903
1.75,9,1.25,30,2,2000,49.4618969
1.75,9,1.25,30,2,2500,74.55607263
1.75,9,1.25,45,2,500,1.745435056
1.75,9,1.25,45,2,1000,6.645081494
1.75,9,1.25,45,2,1500,15.11661481
1.75,9,1.25,45,2,2000,26.40034653
1.75,9,1.25,45,2,2500,41.71936373
1.75,9,1.5,30,2,500,3.174118547
1.75,9,1.5,30,2,1000,12.71790985
1.75,9,1.5,30,2,1500,27.47989303
1.75,9,1.5,30,2,2000,48.8113681
1.75,9,1.5,30,2,2500,73.65030834
1.75,9,1.5,45,2,500,2.14631055
1.75,9,1.5,45,2,1000,7.289106176
1.75,9,1.5,45,2,1500,16.22939218
1.75,9,1.5,45,2,2000,28.65758572
1.75,9,1.5,45,2,2500,44.37178356
1.75,11,0.25,30,2,1000,3.20075516
1.75,11,0.25,30,2,1500,6.406007384
1.75,11,0.25,30,2,2000,11.31493995
1.75,11,0.25,30,2,2500,15.39332779
1.75,11,0.25,45,2,1000,3.341647413
1.75,11,0.25,45,2,1500,7.464770777
1.75,11,0.25,45,2,2000,12.904248
1.75,11,0.25,45,2,2500,19.47310445
1.75,11,0.25,60,2,1000,3.067467503
1.75,11,0.25,60,2,1500,5.930487141
1.75,11,0.25,60,2,2000,10.5794504
1.75,11,0.25,60,2,2500,15.0785766
1.75,11,0.75,30,2,1000,15.19511548
1.75,11,0.75,30,2,1500,33.56326195
1.75,11,0.75,30,2,2000,59.59919735
1.75,11,0.75,30,2,2500,88.53655316
1.75,11,0.75,45,2,500,4.972041249
1.75,11,0.75,45,2,1000,20.51475791
1.75,11,0.75,45,2,1500,46.04077037
1.75,11,0.75,45,2,2000,81.914256
1.75,11,0.75,45,2,2500,129.4536247
1.75,11,0.75,60,2,1000,12.1330608
1.75,11,0.75,60,2,1500,26.71980631
1.75,11,0.75,60,2,2000,48.40452603
1.75,11,0.75,60,2,2500,72.16875796
1.75,11,1.25,30,2,500,4.600994097
1.75,11,1.25,30,2,1000,23.40394942
1.75,11,1.25,30,2,1500,50.70090757
1.75,11,1.25,30,2,2000,90.06559454
1.75,11,1.25,30,2,2500,144.8833576
1.75,11,1.25,45,2,500,6.952179079
1.75,11,1.25,45,2,1000,27.98978675
1.75,11,1.25,45,2,1500,61.97169853
1.75,11,1.25,45,2,2000,117.4046674
1.75,11,1.25,45,2,2500,174.1014666
1.75,11,1.25,60,2,1000,21.48082634
1.75,11,1.25,60,2,1500,45.8383752
1.75,11,1.25,60,2,2000,81.82187363
1.75,11,1.25,60,2,2500,113.0195121
1.75,11,1.5,30,2,500,6.04934758
1.75,11,1.5,30,2,1000,26.27893399
1.75,11,1.5,30,2,1500,48.01373631
1.75,11,1.5,30,2,2000,90.52515871
1.75,11,1.5,30,2,2500,140.7365976
1.75,11,1.5,45,2,500,4.123141475
1.75,11,1.5,45,2,1000,18.18580927
1.75,11,1.5,45,2,1500,40.24596682
1.75,11,1.5,45,2,2000,67.30929915
1.75,11,1.5,45,2,2500,109.4992856
1.75,11,1.5,60,2,500,3.646190145
1.75,11,1.5,60,2,1000,13.44630407
1.75,11,1.5,60,2,1500,31.05417162
1.75,11,1.5,60,2,2000,55.96476931
1.75,11,1.5,60,2,2500,80.32370406
2,9,0.25,30,2,500,0.2609805576
2,9,0.25,30,2,1000,0.9429185577
2,9,0.25,30,2,1500,2.247558091
2,9,0.25,30,2,2000,4.031030361
2,9,0.25,30,2,2500,6.281728753
2,9,0.25,45,2,1500,2.156356948
2,9,0.25,45,2,2000,3.849859864
2,9,0.25,45,2,2500,6.034846485
2,9,0.75,30,2,500,2.528467994
2,9,0.75,30,2,1000,7.975480757
2,9,0.75,30,2,1500,21.80975842
2,9,0.75,30,2,2000,34.59455935
2,9,0.75,30,2,2500,58.74104001
2,9,0.75,45,2,500,0.6906091514
2,9,0.75,45,2,1000,3.035253088
2,9,0.75,45,2,1500,6.691458701
2,9,0.75,45,2,2000,11.87915833
2,9,0.75,45,2,2500,18.3202987
2,9,0.75,60,2,500,1.144954829
2,9,0.75,60,2,1000,4.950626335
2,9,0.75,60,2,1500,11.16378238
2,9,0.75,60,2,2000,19.81342509
2,9,0.75,60,2,2500,30.79398195
2,9,1.25,30,2,500,2.676399557
2,9,1.25,30,2,1000,11.16046603
2,9,1.25,30,2,1500,25.2531046
2,9,1.25,30,2,2000,45.14651763
2,9,1.25,30,2,2500,67.1943117
2,9,1.25,45,2,500,1.516403209
2,9,1.25,45,2,1000,5.917015763
2,9,1.25,45,2,1500,13.62483975
2,9,1.25,45,2,2000,24.50351145
2,9,1.25,45,2,2500,37.423546
2,9,1.5,30,2,500,3.146035604
2,9,1.5,30,2,1000,12.11807633
2,9,1.5,30,2,1500,27.34774207
2,9,1.5,30,2,2000,48.80652739
2,9,1.5,30,2,2500,73.44443249
2,9,1.5,45,2,500,1.379875187
2,9,1.5,45,2,1000,6.992232141
2,9,1.5,45,2,1500,15.16530378
2,9,1.5,45,2,2000,27.16122574
2,9,1.5,45,2,2500,41.47518039
2,11,0.25,30,2,500,0.6454606924
2,11,0.25,30,2,1000,2.838925779
2,11,0.25,30,2,1500,5.584943332
2,11,0.25,30,2,2000,9.556255587
2,11,0.25,30,2,2500,13.2137432
2,11,0.25,45,2,1000,2.62777477
2,11,0.25,45,2,1500,6.000550745
2,11,0.25,45,2,2000,10.54351665
2,11,0.25,45,2,2500,15.06424124
2,11,0.75,30,2,500,4.476289228
2,11,0.75,30,2,1000,18.31917178
2,11,0.75,30,2,1500,41.94895411
2,11,0.75,30,2,2000,80.52190172
2,11,0.75,30,2,2500,119.4041315
2,11,0.75,45,2,500,7.061254324
2,11,0.75,45,2,1000,22.49355929
2,11,0.75,45,2,1500,52.07412396
2,11,0.75,45,2,2000,94.51134407
2,11,0.75,45,2,2500,146.0216902
2,11,0.75,60,2,500,2.590056546
2,11,0.75,60,2,1000,11.01648914
2,11,0.75,60,2,1500,24.7005135
2,11,0.75,60,2,2000,44.5201626
2,11,0.75,60,2,2500,65.10174142
2,11,1.25,30,2,500,5.609066095
2,11,1.25,30,2,1000,23.93609457
2,11,1.25,30,2,1500,53.61991071
2,11,1.25,30,2,2000,95.0368344
2,11,1.25,30,2,2500,151.9086299
2,11,1.25,45,2,1000,12.89216691
2,11,1.25,45,2,1500,27.56222043
2,11,1.25,45,2,2000,50.09349666
2,11,1.25,45,2,2500,74.63489641
2,11,1.25,60,2,500,3.238981771
2,11,1.25,60,2,1000,15.91499629
2,11,1.25,60,2,1500,34.56395001
2,11,1.25,60,2,2000,62.84262247
2,11,1.25,60,2,2500,83.71755278
2,11,1.5,30,2,500,6.912474061
2,11,1.5,30,2,1000,26.73607352
2,11,1.5,30,2,1500,57.71754179
2,11,1.5,30,2,2000,101.7754683
2,11,1.5,30,2,2500,158.0338073
2,11,1.5,45,2,500,4.906621301
2,11,1.5,45,2,1000,10.12595129
2,11,1.5,45,2,1500,36.33846107
2,11,1.5,45,2,2000,61.02298183
2,11,1.5,45,2,2500,90.3146685
0.25,3,0.25,30,4,1000,0.1828374942
0.25,3,0.25,30,4,1500,0.3958817445
0.25,3,0.25,30,4,2000,0.735838862
0.25,3,0.25,30,4,2500,1.138426971
0.25,3,0.25,45,4,500,0.0593369439
0.25,3,0.25,45,4,1000,0.2339529621
0.25,3,0.25,45,4,1500,0.5343460072
0.25,3,0.25,45,4,2000,0.9365147531
0.25,3,0.25,45,4,2500,1.460748656
0.25,3,0.25,60,4,1000,0.148439752
0.25,3,0.25,60,4,1500,0.3349979512
0.25,3,0.25,60,4,2000,0.5931011817
0.25,3,0.25,60,4,2500,0.9223535809
0.25,3,0.75,30,4,500,0.09511910349
0.25,3,0.75,30,4,1000,0.3913023499
0.25,3,0.75,30,4,1500,0.8833768277
0.25,3,0.75,30,4,2000,1.569070021
0.25,3,0.75,30,4,2500,2.457508358
0.25,3,0.75,45,4,1000,0.1885397789
0.25,3,0.75,45,4,1500,0.4249164811
0.25,3,0.75,45,4,2000,0.7558789656
0.25,3,0.75,45,4,2500,1.17951026
0.25,3,1.25,30,4,500,0.07812296383
0.25,3,1.25,30,4,2000,1.387645609
0.25,3,1.25,30,4,2500,2.613566712
0.25,5,0.25,30,4,500,0.2058850181
0.25,5,0.25,30,4,1000,0.7993411586
0.25,5,0.25,30,4,1500,1.770711156
0.25,5,0.25,30,4,2000,3.159800594
0.25,5,0.25,30,4,2500,5.019973933
0.25,5,0.25,45,4,500,0.3791519864
0.25,5,0.25,45,4,1000,1.51264665
0.25,5,0.25,45,4,1500,3.324992327
0.25,5,0.25,45,4,2000,5.937164942
0.25,5,0.25,45,4,2500,9.369833207
0.25,5,0.25,60,4,500,0.2963239213
0.25,5,0.25,60,4,1000,1.14046279
0.25,5,0.25,60,4,1500,2.540556246
0.25,5,0.25,60,4,2000,4.585496744
0.25,5,0.25,60,4,2500,7.202439835
0.25,5,0.75,30,4,500,0.7890947313
0.25,5,0.75,30,4,1000,3.195769406
0.25,5,0.75,30,4,1500,6.970233496
0.25,5,0.75,30,4,2000,12.57885921
0.25,5,0.75,30,4,2500,19.90084435
0.25,5,0.75,45,4,500,0.5675211873
0.25,5,0.75,45,4,1000,2.263981076
0.25,5,0.75,45,4,1500,5.12807843
0.25,5,0.75,45,4,2000,9.073732725
0.25,5,0.75,45,4,2500,14.00428674
0.25,5,0.75,60,4,500,0.1597300115
0.25,5,0.75,60,4,1000,0.639314981
0.25,5,0.75,60,4,1500,1.425343032
0.25,5,0.75,60,4,2000,2.510682406
0.25,5,0.75,60,4,2500,3.864788335
0.25,5,1.25,30,4,500,0.7520679832
0.25,5,1.25,30,4,1000,3.005518041
0.25,5,1.25,30,4,1500,6.789763304
0.25,5,1.25,30,4,2000,12.36613742
0.25,5,1.25,30,4,2500,18.87393811
0.25,5,1.25,45,4,500,0.4612664785
0.25,5,1.25,45,4,1000,1.865676865
0.25,5,1.25,45,4,1500,4.235664624
0.25,5,1.25,45,4,2000,7.527701328
0.25,5,1.25,45,4,2500,11.77572433
0.25,5,1.5,30,4,500,0.6363969624
0.25,5,1.5,30,4,1000,2.606497301
0.25,5,1.5,30,4,1500,5.882878283
0.25,5,1.5,30,4,2000,11.07391839
0.25,5,1.5,30,4,2500,17.12793674
0.25,5,1.5,45,4,500,0.5048833659
0.25,5,1.5,45,4,1000,2.020899475
0.25,5,1.5,45,4,1500,4.583513554
0.25,5,1.5,45,4,2000,8.221030615
0.25,5,1.5,45,4,2500,12.79283473
0.25,7,0.25,45,4,500,0.9366974853
0.25,7,0.25,45,4,1000,3.716721212
0.25,7,0.25,45,4,1500,8.295455526
0.25,7,0.25,45,4,2000,14.43645947
0.25,7,0.25,45,4,2500,14.85450759
0.25,7,0.25,60,4,500,1.107665983
0.25,7,0.25,60,4,1000,4.511238784
0.25,7,0.25,60,4,1500,9.725238805
0.25,7,0.25,60,4,2000,16.79464731
0.25,7,0.25,60,4,2500,26.37341249
0.25,7,0.75,30,4,500,2.350443349
0.25,7,0.75,30,4,1000,9.345330579
0.25,7,0.75,30,4,1500,20.35432443
0.25,7,0.75,30,4,2000,36.30281905
0.25,7,0.75,30,4,2500,55.41097922
0.25,7,0.75,45,4,500,2.222838477
0.25,7,0.75,45,4,1000,8.983876237
0.25,7,0.75,45,4,1500,20.16797279
0.25,7,0.75,45,4,2000,35.62104611
0.25,7,0.75,45,4,2500,55.54475926
0.25,7,0.75,60,4,500,0.5768907073
0.25,7,0.75,60,4,1000,2.28569942
0.25,7,0.75,60,4,1500,5.076164394
0.25,7,0.75,60,4,2000,8.943883049
0.25,7,0.75,60,4,2500,13.6347137
0.25,7,1.25,30,4,500,3.179473694
0.25,7,1.25,30,4,1000,12.94508457
0.25,7,1.25,30,4,1500,28.3371089
0.25,7,1.25,30,4,2000,49.95767898
0.25,7,1.25,30,4,2500,79.18874336
0.25,7,1.25,45,4,500,2.280053189
0.25,7,1.25,45,4,1000,9.081002413
0.25,7,1.25,45,4,1500,20.44748718
0.25,7,1.25,45,4,2000,35.82311772
0.25,7,1.25,45,4,2500,55.23429306
0.25,7,1.25,60,4,500,1.507074716
0.25,7,1.25,60,4,1000,6.125222585
0.25,7,1.25,60,4,1500,13.7024827
0.25,7,1.25,60,4,2000,23.71357024
0.25,7,1.25,60,4,2500,36.21036598
0.25,7,1.5,30,4,500,3.363976046
0.25,7,1.5,30,4,1000,13.55428918
0.25,7,1.5,30,4,1500,30.64027959
0.25,7,1.5,30,4,2000,54.02450041
0.25,7,1.5,30,4,2500,85.59312874
0.25,7,1.5,45,4,500,2.350596721
0.25,7,1.5,45,4,1000,9.492744067
0.25,7,1.5,45,4,1500,21.28045655
0.25,7,1.5,45,4,2000,37.5731828
0.25,7,1.5,45,4,2500,58.97540287
0.25,9,0.25,60,4,500,2.157645068
0.25,9,0.25,60,4,1000,8.789463605
0.25,9,0.25,60,4,1500,12.60527401
0.25,9,0.25,60,4,2000,21.98828541
0.25,9,0.75,30,4,500,5.028910534
0.25,9,0.75,30,4,1000,19.47331267
0.25,9,0.75,30,4,1500,43.16010004
0.25,9,0.75,30,4,2000,75.43695741
0.25,9,0.75,30,4,2500,116.2447734
0.25,9,0.75,45,4,500,5.123728134
0.25,9,0.75,45,4,1000,20.35162637
0.25,9,0.75,45,4,1500,46.29555973
0.25,9,0.75,45,4,2000,79.65380944
0.25,9,0.75,45,4,2500,123.7159004
0.25,9,0.75,60,4,500,4.723810971
0.25,9,0.75,60,4,1000,18.79954587
0.25,9,0.75,60,4,1500,42.02719679
0.25,9,0.75,60,4,2000,73.19480685
0.25,9,0.75,60,4,2500,113.6367442
0.25,9,1.25,30,4,500,7.901920937
0.25,9,1.25,30,4,1000,31.66585578
0.25,9,1.25,30,4,1500,68.40631554
0.25,9,1.25,30,4,2000,127.6373706
0.25,9,1.25,30,4,2500,190.2806736
0.25,9,1.25,45,4,500,6.936977925
0.25,9,1.25,45,4,1000,27.4900482
0.25,9,1.25,45,4,1500,60.96147373
0.25,9,1.25,45,4,2000,108.1711306
0.25,9,1.25,45,4,2500,163.8135933
0.25,9,1.25,60,4,500,2.64603482
0.25,9,1.25,60,4,1000,10.52735642
0.25,9,1.25,60,4,1500,23.36818845
0.25,9,1.25,60,4,2000,40.26489601
0.25,9,1.25,60,4,2500,62.02183967
0.25,9,1.5,30,4,500,9.233258397
0.25,9,1.5,30,4,1000,37.92562117
0.25,9,1.5,30,4,1500,85.79445268
0.25,9,1.5,30,4,2000,145.5048155
0.25,9,1.5,30,4,2500,226.1542042
0.25,9,1.5,45,4,500,6.476675193
0.25,9,1.5,45,4,1000,25.85659837
0.25,9,1.5,45,4,1500,57.57612767
0.25,9,1.5,45,4,2000,100.0665982
0.25,9,1.5,45,4,2500,151.3927243
0.25,9,1.5,60,4,500,4.289104056
0.25,9,1.5,60,4,1000,17.22626242
0.25,9,1.5,60,4,1500,38.70239951
0.25,9,1.5,60,4,2000,67.54142717
0.25,9,1.5,60,4,2500,106.1297835
0.25,11,0.25,60,4,500,3.660022419
0.25,11,0.25,60,4,1000,14.53012709
0.25,11,0.25,60,4,1500,31.55531459
0.25,11,0.25,60,4,2000,52.14628009
0.25,11,0.25,60,4,2500,53.71403189
0.25,11,0.75,30,4,500,8.187381966
0.25,11,0.75,30,4,1000,33.40629871
0.25,11,0.75,30,4,1500,72.15572134
0.25,11,0.75,30,4,2000,119.3600692
0.25,11,0.75,45,4,500,8.971348886
0.25,11,0.75,45,4,1000,35.47052949
0.25,11,0.75,45,4,1500,77.37348232
0.25,11,0.75,45,4,2000,136.4101638
0.25,11,0.75,45,4,2500,226.64629
0.25,11,0.75,60,4,500,8.814321036
0.25,11,0.75,60,4,1000,35.26549981
0.25,11,0.75,60,4,1500,76.3298837
0.25,11,0.75,60,4,2000,135.5717297
0.25,11,0.75,60,4,2500,207.0134283
0.25,11,1.25,30,4,500,14.52533183
0.25,11,1.25,30,4,1000,56.87696761
0.25,11,1.25,30,4,1500,120.8646971
0.25,11,1.25,30,4,2000,211.3818608
0.25,11,1.25,30,4,2500,271.1617962
0.25,11,1.25,45,4,500,15.13342484
0.25,11,1.25,45,4,1000,59.26569141
0.25,11,1.25,45,4,1500,130.3839865
0.25,11,1.25,45,4,2000,230.0689876
0.25,11,1.25,45,4,2500,389.1643855
0.25,11,1.25,60,4,500,3.951704922
0.25,11,1.25,60,4,1000,15.52966691
0.25,11,1.25,60,4,1500,34.05485504
0.25,11,1.25,60,4,2000,59.30059892
0.25,11,1.25,60,4,2500,91.14880583
0.25,11,1.5,30,4,500,18.11282898
0.25,11,1.5,30,4,1000,72.06350865
0.25,11,1.5,30,4,1500,146.908599
0.25,11,1.5,30,4,2000,263.1208896
0.25,11,1.5,30,4,2500,371.0858867
0.25,11,1.5,45,4,500,17.49709785
0.25,11,1.5,45,4,1000,75.64012798
0.25,11,1.5,45,4,1500,155.8500197
0.25,11,1.5,45,4,2000,280.9928926
0.25,11,1.5,45,4,2500,478.1824287
0.25,11,1.5,60,4,500,5.824357715
0.25,11,1.5,60,4,1000,21.40884422
0.25,11,1.5,60,4,1500,48.77244931
0.25,11,1.5,60,4,2000,87.91422747
0.25,11,1.5,60,4,2500,137.5144198
0.75,5,0.25,30,4,500,0.1617971235
0.75,5,0.25,30,4,1000,0.6546932049
0.75,5,0.25,30,4,1500,1.445828558
0.75,5,0.25,30,4,2000,2.615849985
0.75,5,0.25,30,4,2500,3.799880488
0.75,5,0.25,45,4,500,0.1821902934
0.75,5,0.25,45,4,1000,0.7107360795
0.75,5,0.25,45,4,1500,1.577462795
0.75,5,0.25,45,4,2000,3.068969702
0.75,5,0.25,45,4,2500,4.325895215
0.75,5,0.25,60,4,500,0.1761984424
0.75,5,0.25,60,4,1000,0.7031949355
0.75,5,0.25,60,4,1500,1.580264155
0.75,5,0.25,60,4,2000,2.80227936
0.75,5,0.25,60,4,2500,4.245688443
0.75,5,0.75,30,4,500,0.4546643912
0.75,5,0.75,30,4,1000,1.834949002
0.75,5,0.75,30,4,1500,4.121237981
0.75,5,0.75,30,4,2000,7.322064245
0.75,5,0.75,30,4,2500,11.36798385
0.75,5,0.75,45,4,500,0.1965283521
0.75,5,0.75,45,4,1000,0.7867332879
0.75,5,0.75,45,4,1500,1.75572298
0.75,5,0.75,45,4,2000,3.112671954
0.75,5,0.75,45,4,2500,4.818066719
0.75,5,1.25,30,4,500,0.649883174
0.75,5,1.25,30,4,1000,2.603442011
0.75,5,1.25,30,4,1500,5.960196169
0.75,5,1.25,30,4,2000,10.70520576
0.75,5,1.25,30,4,2500,16.86089918
0.75,5,1.25,45,4,500,0.2331769216
0.75,5,1.25,45,4,1000,0.9322542921
0.75,5,1.25,45,4,1500,2.102501661
0.75,5,1.25,45,4,2000,3.708914473
0.75,5,1.25,45,4,2500,5.755843753
0.75,5,1.5,30,4,500,0.4931110477
0.75,5,1.5,30,4,1000,2.014288245
0.75,5,1.5,30,4,1500,4.543313677
0.75,5,1.5,30,4,2000,7.912179168
0.75,5,1.5,30,4,2500,12.64975718
0.75,5,1.5,45,4,500,0.4567771333
0.75,5,1.5,45,4,1000,1.81923648
0.75,5,1.5,45,4,1500,3.995556504
0.75,5,1.5,45,4,2000,7.07698559
0.75,5,1.5,45,4,2500,10.8106542
0.75,7,0.25,30,4,500,0.5158011404
0.75,7,0.25,30,4,1000,1.693171217
0.75,7,0.25,30,4,2000,7.287346286
0.75,7,0.25,30,4,2500,8.2441778
0.75,7,0.25,45,4,500,0.5781471982
0.75,7,0.25,45,4,1000,2.264745843
0.75,7,0.25,45,4,1500,5.19674391
0.75,7,0.25,45,4,2000,8.950859217
0.75,7,0.25,45,4,2500,13.35901984
0.75,7,0.25,60,4,500,0.5802986617
0.75,7,0.25,60,4,1000,2.307831206
0.75,7,0.25,60,4,1500,5.192266639
0.75,7,0.25,60,4,2000,9.070159309
0.75,7,0.25,60,4,2500,15.00124156
0.75,7,0.75,30,4,500,1.950887899
0.75,7,0.75,30,4,1000,7.669740729
0.75,7,0.75,30,4,1500,16.98021443
0.75,7,0.75,30,4,2000,30.82229552
0.75,7,0.75,30,4,2500,45.41662376
0.75,7,0.75,45,4,500,2.008729941
0.75,7,0.75,45,4,1000,8.059953798
0.75,7,0.75,45,4,1500,18.2961304
0.75,7,0.75,45,4,2000,31.22203598
0.75,7,0.75,45,4,2500,54.87878186
0.75,7,0.75,60,4,500,0.9637559328
0.75,7,0.75,60,4,1000,3.793800791
0.75,7,0.75,60,4,1500,8.408334703
0.75,7,0.75,60,4,2000,14.44308926
0.75,7,0.75,60,4,2500,20.05910035
0.75,7,1.25,30,4,500,2.816036921
0.75,7,1.25,30,4,1000,11.39416935
0.75,7,1.25,30,4,1500,25.52454274
0.75,7,1.25,30,4,2000,46.81480796
0.75,7,1.25,30,4,2500,75.38699942
0.75,7,1.25,45,4,500,2.050021431
0.75,7,1.25,45,4,1000,7.883258594
0.75,7,1.25,45,4,1500,17.8620041
0.75,7,1.25,45,4,2000,31.98867046
0.75,7,1.25,45,4,2500,54.37574644
0.75,7,1.25,60,4,500,1.14484148
0.75,7,1.25,60,4,1000,4.622112912
0.75,7,1.25,60,4,1500,10.25423379
0.75,7,1.25,60,4,2000,17.75050759
0.75,7,1.25,60,4,2500,27.97941009
0.75,7,1.5,30,4,500,2.856703694
0.75,7,1.5,30,4,1000,11.25253226
0.75,7,1.5,30,4,1500,26.44624531
0.75,7,1.5,30,4,2000,42.0931137
0.75,7,1.5,30,4,2500,93.95643916
0.75,7,1.5,45,4,500,1.727361171
0.75,7,1.5,45,4,1000,6.593910552
0.75,7,1.5,45,4,1500,14.97300454
0.75,7,1.5,45,4,2000,27.28828131
0.75,7,1.5,45,4,2500,58.69052689
0.75,9,0.25,45,4,500,0.9975569514
0.75,9,0.25,45,4,1000,3.948058386
0.75,9,0.25,45,4,1500,7.875820565
0.75,9,0.25,60,4,500,1.568681693
0.75,9,0.25,60,4,1000,6.093742696
0.75,9,0.25,60,4,1500,12.1250686
0.75,9,0.25,60,4,2000,15.34055673
0.75,9,0.75,30,4,500,4.319702814
0.75,9,0.75,30,4,1000,17.42304357
0.75,9,0.75,30,4,1500,37.25576888
0.75,9,0.75,30,4,2000,61.99512259
0.75,9,0.75,30,4,2500,82.2404784
0.75,9,0.75,45,4,500,4.853393452
0.75,9,0.75,45,4,1000,20.125458
0.75,9,0.75,45,4,1500,46.94677318
0.75,9,0.75,45,4,2000,81.68471318
0.75,9,0.75,60,4,500,2.666174308
0.75,9,0.75,60,4,1000,10.54022756
0.75,9,0.75,60,4,1500,23.98280297
0.75,9,0.75,60,4,2000,47.86395824
0.75,9,0.75,60,4,2500,64.04982636
0.75,9,1.25,30,4,500,8.062399999
0.75,9,1.25,30,4,1000,32.34182365
0.75,9,1.25,30,4,1500,68.74451072
0.75,9,1.25,30,4,2000,123.553601
0.75,9,1.25,30,4,2500,182.7279884
0.75,9,1.25,45,4,500,5.136153688
0.75,9,1.25,45,4,1000,20.80957401
0.75,9,1.25,45,4,1500,45.03899345
0.75,9,1.25,45,4,2000,79.18643696
0.75,9,1.25,45,4,2500,128.9228311
0.75,9,1.25,60,4,500,1.85201532
0.75,9,1.25,60,4,1000,7.352303682
0.75,9,1.25,60,4,1500,17.61637195
0.75,9,1.25,60,4,2000,29.80752529
0.75,9,1.25,60,4,2500,45.70676305
0.75,9,1.5,30,4,500,8.052269333
0.75,9,1.5,30,4,1000,31.97454424
0.75,9,1.5,30,4,1500,71.69728593
0.75,9,1.5,30,4,2000,136.4592341
0.75,9,1.5,30,4,2500,229.736382
0.75,9,1.5,45,4,500,6.035098707
0.75,9,1.5,45,4,1000,24.33302
0.75,9,1.5,45,4,1500,52.77778786
0.75,9,1.5,45,4,2000,100.304968
0.75,9,1.5,45,4,2500,165.2123122
0.75,9,1.5,60,4,1000,9.859845766
0.75,9,1.5,60,4,1500,23.30486504
0.75,9,1.5,60,4,2000,39.80587562
0.75,11,0.25,60,4,500,2.560384717
0.75,11,0.25,60,4,1000,9.524280004
0.75,11,0.75,30,4,500,4.997146179
0.75,11,0.75,30,4,1000,25.12532925
0.75,11,0.75,30,4,2000,91.09494552
0.75,11,0.75,45,4,500,10.43812643
0.75,11,0.75,45,4,1000,41.02027728
0.75,11,0.75,45,4,1500,95.25956794
0.75,11,0.75,60,4,500,7.576584472
0.75,11,0.75,60,4,1000,30.70217738
0.75,11,0.75,60,4,1500,72.06289593
0.75,11,0.75,60,4,2000,127.6170074
0.75,11,1.25,30,4,500,16.76728853
0.75,11,1.25,30,4,1000,65.21326946
0.75,11,1.25,30,4,1500,147.9806748
0.75,11,1.25,30,4,2000,218.9404182
0.75,11,1.25,45,4,500,14.16947582
0.75,11,1.25,45,4,1000,55.93331121
0.75,11,1.25,45,4,1500,128.8786501
0.75,11,1.25,45,4,2000,224.8011586
0.75,11,1.25,60,4,500,4.008108373
0.75,11,1.25,60,4,1000,16.41847402
0.75,11,1.25,60,4,1500,37.15089809
0.75,11,1.25,60,4,2000,63.65761137
0.75,11,1.5,30,4,500,14.91026055
0.75,11,1.5,30,4,1000,72.73103296
0.75,11,1.5,30,4,1500,151.5659265
0.75,11,1.5,30,4,2000,254.879855
0.75,11,1.5,45,4,500,11.65038768
0.75,11,1.5,45,4,1000,46.71543038
0.75,11,1.5,45,4,1500,104.4433442
0.75,11,1.5,45,4,2000,180.7175998
0.75,11,1.5,60,4,500,4.62536536
0.75,11,1.5,60,4,1000,21.91679907
0.75,11,1.5,60,4,1500,43.26961277
0.75,11,1.5,60,4,2000,70.58510832
1.25,7,0.25,30,4,500,0.566797107
1.25,7,0.25,30,4,1000,2.238158511
1.25,7,0.25,30,4,1500,4.866619529
1.25,7,0.25,30,4,2000,8.298569149
1.25,7,0.25,30,4,2500,11.90812307
1.25,7,0.25,45,4,500,0.5927813766
1.25,7,0.25,45,4,1000,2.345078952
1.25,7,0.25,45,4,1500,5.276502128
1.25,7,0.25,45,4,2000,9.490141754
1.25,7,0.25,45,4,2500,14.96314744
1.25,7,0.25,60,4,500,0.286707483
1.25,7,0.25,60,4,1000,1.137231726
1.25,7,0.25,60,4,1500,2.528245473
1.25,7,0.25,60,4,2000,4.605809517
1.25,7,0.25,60,4,2500,7.086789887
1.25,7,0.75,30,4,1000,4.579196724
1.25,7,0.75,30,4,1500,10.25154474
1.25,7,0.75,30,4,2000,19.59941049
1.25,7,0.75,30,4,2500,30.24722917
1.25,7,0.75,45,4,500,0.415300227
1.25,7,0.75,45,4,1000,1.682803951
1.25,7,0.75,45,4,1500,3.63662971
1.25,7,0.75,45,4,2000,6.361651068
1.25,7,0.75,45,4,2500,10.30475394
1.25,7,0.75,60,4,2000,7.610417838
1.25,7,1.25,30,4,500,1.664340659
1.25,7,1.25,30,4,1000,6.661961896
1.25,7,1.25,30,4,1500,15.30521542
1.25,7,1.25,30,4,2000,26.27472224
1.25,7,1.25,30,4,2500,47.87662894
1.25,7,1.25,45,4,500,0.7081615802
1.25,7,1.25,45,4,1000,2.797394655
1.25,7,1.25,45,4,1500,6.244079195
1.25,7,1.25,45,4,2000,11.32685643
1.25,7,1.25,45,4,2500,17.7346868
1.25,7,1.5,30,4,500,1.773664025
1.25,7,1.5,30,4,1000,7.073632121
1.25,7,1.5,30,4,1500,15.87494656
1.25,7,1.5,30,4,2000,27.89731399
1.25,7,1.5,30,4,2500,45.81650629
1.25,7,1.5,45,4,500,1.150436952
1.25,7,1.5,45,4,1000,4.556891261
1.25,7,1.5,45,4,1500,9.978526515
1.25,7,1.5,45,4,2000,17.63922678
1.25,7,1.5,45,4,2500,27.02739993
1.25,9,0.25,30,4,500,1.235258072
1.25,9,0.25,30,4,1000,5.393812008
1.25,9,0.25,30,4,1500,9.343048824
1.25,9,0.25,30,4,2000,13.07387715
1.25,9,0.25,45,4,500,1.388395238
1.25,9,0.25,45,4,1000,5.379127545
1.25,9,0.25,45,4,1500,11.63778225
1.25,9,0.25,45,4,2000,22.15869519
1.25,9,0.25,45,4,2500,29.71049729
1.25,9,0.25,60,4,500,1.473566412
1.25,9,0.25,60,4,1000,5.79008139
1.25,9,0.25,60,4,1500,12.986063
1.25,9,0.25,60,4,2000,23.75799929
1.25,9,0.25,60,4,2500,33.02541802
1.25,9,0.75,30,4,500,3.426278658
1.25,9,0.75,30,4,1000,14.10585507
1.25,9,0.75,30,4,1500,31.86142159
1.25,9,0.75,30,4,2000,51.79704556
1.25,9,0.75,30,4,2500,74.10375005
1.25,9,0.75,45,4,500,3.54726802
1.25,9,0.75,45,4,1000,15.23531567
1.25,9,0.75,45,4,1500,35.05880412
1.25,9,0.75,45,4,2000,58.43339579
1.25,9,0.75,45,4,2500,96.15439588
1.25,9,0.75,60,4,500,1.447744274
1.25,9,0.75,60,4,1000,5.705716341
1.25,9,0.75,60,4,1500,12.99918575
1.25,9,0.75,60,4,2000,23.36832134
1.25,9,0.75,60,4,2500,35.29353196
1.25,9,1.25,30,4,500,4.585054136
1.25,9,1.25,30,4,1000,18.38078686
1.25,9,1.25,30,4,1500,40.55424715
1.25,9,1.25,30,4,2000,82.86898165
1.25,9,1.25,30,4,2500,129.8435051
1.25,9,1.25,45,4,500,4.174930601
1.25,9,1.25,45,4,1000,16.79926491
1.25,9,1.25,45,4,1500,38.17296618
1.25,9,1.25,45,4,2000,71.12378836
1.25,9,1.25,45,4,2500,107.5983776
1.25,9,1.5,30,4,500,5.106971364
1.25,9,1.5,30,4,1000,20.7184658
1.25,9,1.5,30,4,1500,49.23775263
1.25,9,1.5,30,4,2000,86.49616851
1.25,9,1.5,30,4,2500,135.6618326
1.25,9,1.5,45,4,500,4.237720251
1.25,9,1.5,45,4,1000,16.90267536
1.25,9,1.5,45,4,1500,37.76050306
1.25,9,1.5,45,4,2000,70.46875589
1.25,9,1.5,45,4,2500,108.1528759
1.25,11,0.25,30,4,500,1.764052231
1.25,11,0.25,30,4,1000,7.379583668
1.25,11,0.25,30,4,1500,17.03148747
1.25,11,0.25,45,4,500,2.581414396
1.25,11,0.25,45,4,1000,9.924631536
1.25,11,0.25,45,4,1500,22.40421319
1.25,11,0.25,45,4,2000,26.40428287
1.25,11,0.25,60,4,500,3.012078914
1.25,11,0.25,60,4,1000,11.57487857
1.25,11,0.25,60,4,1500,25.97136549
1.25,11,0.25,60,4,2000,36.83344973
1.25,11,0.75,30,4,500,6.624191794
1.25,11,0.75,30,4,1000,26.98889493
1.25,11,0.75,30,4,1500,56.19648447
1.25,11,0.75,30,4,2000,70.02655628
1.25,11,0.75,45,4,500,7.801679938
1.25,11,0.75,45,4,1000,30.29640718
1.25,11,0.75,45,4,1500,68.1195276
1.25,11,0.75,45,4,2000,119.7915242
1.25,11,0.75,60,4,500,4.422982751
1.25,11,0.75,60,4,1000,18.24536209
1.25,11,0.75,60,4,1500,42.24177097
1.25,11,0.75,60,4,2000,76.42581347
1.25,11,1.25,30,4,500,12.52651974
1.25,11,1.25,30,4,1000,47.92702601
1.25,11,1.25,30,4,1500,108.6843267
1.25,11,1.25,30,4,2000,185.9160546
1.25,11,1.25,45,4,500,12.64017277
1.25,11,1.25,45,4,1000,51.9077132
1.25,11,1.25,45,4,1500,119.325313
1.25,11,1.25,45,4,2000,214.3172471
1.25,11,1.25,60,4,500,5.616163498
1.25,11,1.25,60,4,1000,25.31239348
1.25,11,1.25,60,4,1500,50.28257869
1.25,11,1.25,60,4,2000,78.03978118
1.25,11,1.5,30,4,500,13.63605166
1.25,11,1.5,30,4,1000,56.83433816
1.25,11,1.5,30,4,1500,118.7402164
1.25,11,1.5,30,4,2000,195.4983177
1.25,11,1.5,45,4,500,10.29788687
1.25,11,1.5,45,4,1000,41.03522304
1.25,11,1.5,45,4,1500,94.41630254
1.25,11,1.5,45,4,2000,167.7114392
1.25,11,1.5,60,4,500,3.634636981
1.25,11,1.5,60,4,1000,14.68166486
1.25,11,1.5,60,4,1500,31.83884689
1.25,11,1.5,60,4,2000,47.98951168
1.75,7,0.75,45,4,2000,3.990658431
1.75,7,0.75,45,4,2500,6.3267484
1.75,7,1.5,30,4,500,0.64272993
1.75,7,1.5,30,4,1000,2.59580302
1.75,7,1.5,30,4,1500,5.913343785
1.75,7,1.5,30,4,2000,10.37530533
1.75,7,1.5,30,4,2500,17.01021114
1.75,9,0.25,30,4,500,0.377859905
1.75,9,0.25,30,4,1000,1.5370568
1.75,9,0.25,30,4,1500,3.401988757
1.75,9,0.25,30,4,2000,4.738685927
1.75,9,0.25,45,4,500,0.4260206357
1.75,9,0.25,45,4,1000,1.692468295
1.75,9,0.25,45,4,1500,3.904778501
1.75,9,0.25,45,4,2000,5.895774756
1.75,9,0.25,60,4,500,0.6081113307
1.75,9,0.25,60,4,1000,2.482824047
1.75,9,0.25,60,4,1500,5.19794085
1.75,9,0.25,60,4,2000,8.674189299
1.75,9,0.25,60,4,2500,10.43287461
1.75,9,0.75,30,4,500,3.413037734
1.75,9,0.75,30,4,1000,13.59306818
1.75,9,0.75,30,4,1500,30.33493827
1.75,9,0.75,30,4,2000,59.52619865
1.75,9,0.75,30,4,2500,87.90063351
1.75,9,0.75,45,4,500,0.8643628994
1.75,9,0.75,45,4,1000,3.515905399
1.75,9,0.75,45,4,1500,7.795853821
1.75,9,0.75,45,4,2000,14.04837255
1.75,9,0.75,45,4,2500,21.81112065
1.75,9,0.75,60,4,500,1.222702235
1.75,9,0.75,60,4,1000,4.785499932
1.75,9,0.75,60,4,1500,10.50930492
1.75,9,0.75,60,4,2000,19.18301356
1.75,9,0.75,60,4,2500,29.03249275
1.75,9,1.25,30,4,500,3.828125069
1.75,9,1.25,30,4,1000,15.72093619
1.75,9,1.25,30,4,1500,34.70700808
1.75,9,1.25,30,4,2000,64.3913824
1.75,9,1.25,30,4,2500,108.1693305
1.75,9,1.25,45,4,500,1.290184838
1.75,9,1.25,45,4,1000,5.130218567
1.75,9,1.25,45,4,1500,11.59681306
1.75,9,1.25,45,4,2000,21.17767754
1.75,9,1.25,45,4,2500,32.79472283
1.75,9,1.5,30,4,500,4.179969144
1.75,9,1.5,30,4,1000,17.33343151
1.75,9,1.5,30,4,1500,36.90424563
1.75,9,1.5,30,4,2000,71.47689161
1.75,9,1.5,30,4,2500,109.4696162
1.75,9,1.5,45,4,500,1.540237124
1.75,9,1.5,45,4,1000,6.309271133
1.75,9,1.5,45,4,1500,14.38798149
1.75,9,1.5,45,4,2000,25.70126901
1.75,9,1.5,45,4,2500,39.43864103
1.75,11,0.25,30,4,500,1.005067078
1.75,11,0.25,30,4,1000,3.983879563
1.75,11,0.25,30,4,1500,8.084679552
1.75,11,0.25,45,4,500,1.140772953
1.75,11,0.25,45,4,1000,4.582058825
1.75,11,0.25,45,4,1500,9.931657746
1.75,11,0.25,60,4,500,0.8007259753
1.75,11,0.25,60,4,1000,3.280365165
1.75,11,0.25,60,4,1500,6.683451451
1.75,11,0.75,30,4,500,7.426066376
1.75,11,0.75,30,4,1000,29.84816582
1.75,11,0.75,30,4,1500,70.34631145
1.75,11,0.75,30,4,2000,103.0476697
1.75,11,0.75,45,4,500,7.999369945
1.75,11,0.75,45,4,1000,32.91152516
1.75,11,0.75,45,4,1500,68.65600186
1.75,11,0.75,45,4,2000,119.1546183
1.75,11,0.75,60,4,500,2.661760329
1.75,11,0.75,60,4,1000,10.15373024
1.75,11,0.75,60,4,1500,23.64968569
1.75,11,0.75,60,4,2000,38.11853901
1.75,11,1.25,30,4,500,8.380693343
1.75,11,1.25,30,4,1000,33.84253766
1.75,11,1.25,30,4,1500,62.35111917
1.75,11,1.25,30,4,2000,139.8092499
1.75,11,1.25,45,4,500,8.490984545
1.75,11,1.25,45,4,1000,35.2314214
1.75,11,1.25,45,4,1500,88.82677046
1.75,11,1.25,45,4,2000,135.5015692
1.75,11,1.25,60,4,500,4.30851928
1.75,11,1.25,60,4,1000,15.72279801
1.75,11,1.25,60,4,1500,37.79037659
1.75,11,1.25,60,4,2000,61.87712476
1.75,11,1.5,30,4,500,10.47259074
1.75,11,1.5,30,4,1000,41.63652617
1.75,11,1.5,30,4,1500,89.93564034
1.75,11,1.5,30,4,2000,156.9642901
1.75,11,1.5,45,4,500,3.38081295
1.75,11,1.5,45,4,1000,14.20219184
1.75,11,1.5,45,4,1500,31.87368152
1.75,11,1.5,45,4,2000,44.38531019